省份编码,省份,年份,中等职业学校招生数(万人),中等职业学校初中毕业数(万人),中等职业学校应届初中毕业生数(万人),中等职业学校在校学生数(万人),中等职业学校毕业生数(万人),中等职业学校获得职业资格证书毕业生数(万人),中等职业学校预计毕业生数(万人)
110000,北京市,2019,1.2578,,,4.9356,2.2939,0.9377,1.8586
110000,北京市,2018,1.4373,,,6.2299,2.6037,1.3351,2.4645
110000,北京市,2017,1.9422,,,7.4511,2.8981,1.8042,2.6723
110000,北京市,2016,2.3409,,,8.578,2.9837,2.115,2.5529
110000,北京市,2015,2.7108,,,9.6277,4.1401,2.8342,3.4069
110000,北京市,2014,2.9765,,,12.6019,6.6964,3.73,5.5207
110000,北京市,2013,5.5427,,,16.4892,7.5618,6.064,7.8492
110000,北京市,2012,6.4076,,,18.974,5.8915,3.3608,6.9983
110000,北京市,2011,6.1507,,,16.8982,5.1112,2.8439,5.7886
110000,北京市,2010,5.0586,4.1684,3.9191,16.1806,5.1325,2.7397,5.3977
110000,北京市,2009,4.9783,4.7416,3.9371,16.1598,5.6788,3.0973,5.4561
110000,北京市,2008,4.5375,3.8823,3.7992,17.4586,5.7901,3.1401,6.0672
110000,北京市,2007,5.0257,4.2998,4.1339,18.7823,6.0581,3.2175,6.0827
110000,北京市,2006,5.4165,5.1252,4.8613,19.9063,6.0968,2.9709,6.2605
110000,北京市,2005,6.3637,6.1545,5.8044,20.8554,6.1837,3.0295,6.1953
110000,北京市,2004,,,,,,,
110000,北京市,2003,,,,,,,
110000,北京市,2002,,,,,,,
110000,北京市,2001,,,,,,,
110000,北京市,2000,,,,,,,
120000,天津市,2019,2.4971,,,8.0942,3.0005,2.2937,3.13
120000,天津市,2018,2.7516,,,9.0666,3.2446,2.5017,3.4868
120000,天津市,2017,3.0316,,,9.8415,2.9111,2.3553,3.5298
120000,天津市,2016,3.7366,,,10.1055,3.1055,2.6558,3.1064
120000,天津市,2015,3.7991,,,9.7682,3.0618,2.46,3.4503
120000,天津市,2014,3.0768,,,9.3841,3.3249,2.8858,3.3817
120000,天津市,2013,3.3786,,,9.7443,3.927,3.1939,3.4365
120000,天津市,2012,3.4835,,,10.5735,3.7107,1.8277,4.0604
120000,天津市,2011,3.5046,,,10.8094,4.0355,1.8597,3.8588
120000,天津市,2010,3.8731,3.3216,3.1172,11.6107,5.1481,2.3892,4.2968
120000,天津市,2009,4.183,3.7966,3.0857,13.0478,5.6138,2.5784,5.5343
120000,天津市,2008,4.213,3.4816,3.266,14.6486,5.0633,1.9859,5.9844
120000,天津市,2007,4.0726,3.9411,3.8382,13.8633,4.1814,1.5538,4.8586
120000,天津市,2006,4.1647,4.0056,3.9351,13.6779,4.0614,1.6451,4.7766
120000,天津市,2005,4.4153,4.3393,4.1998,13.5426,3.7749,1.5288,4.3547
120000,天津市,2004,,,,,,,
120000,天津市,2003,,,,,,,
120000,天津市,2002,,,,,,,
120000,天津市,2001,,,,,,,
120000,天津市,2000,,,,,,,
130000,河北省,2019,31.5647,,,77.4629,24.4988,18.4967,27.09
130000,河北省,2018,27.5767,,,72.4282,23.0532,16.7024,25.0355
130000,河北省,2017,28.7128,,,70.6167,22.0087,16.031,23.8023
130000,河北省,2016,27.4261,,,65.8083,19.6609,15.204,22.5845
130000,河北省,2015,24.3165,,,61.2891,25.4142,19.3059,20.2643
130000,河北省,2014,22.4076,,,65.5366,29.7687,20.9301,26.2992
130000,河北省,2013,22.0896,,,75.2285,33.71,23.3535,30.4227
130000,河北省,2012,29.9526,,,93.4042,38.8585,17.6417,34.1903
130000,河北省,2011,35.6853,,,106.5994,35.5816,18.071,39.2227
130000,河北省,2010,40.9522,34.7659,29.5431,112.0517,34.8186,18.0608,35.6514
130000,河北省,2009,45.2436,37.9153,32.4227,110.3881,34.8086,16.0364,35.9581
130000,河北省,2008,40.6513,36.4757,34.1079,105.5814,31.2073,15.0948,35.3238
130000,河北省,2007,41.0142,36.9656,35.5255,101.9954,27.7234,13.2895,31.7019
130000,河北省,2006,37.6818,35.5866,34.769,90.4003,23.6419,11.3711,26.9334
130000,河北省,2005,35.3544,33.123,32.3375,81.0472,21.243,8.7869,23.739
130000,河北省,2004,,,,,,,
130000,河北省,2003,,,,,,,
130000,河北省,2002,,,,,,,
130000,河北省,2001,,,,,,,
130000,河北省,2000,,,,,,,
140000,山西省,2019,10.6945,,,29.6674,10.7153,9.1546,10.1186
140000,山西省,2018,10.0471,,,30.2107,11.1831,9.6798,11.0896
140000,山西省,2017,10.9692,,,32.9291,11.1375,9.7569,12.0429
140000,山西省,2016,11.1013,,,33.7947,12.9594,10.6991,11.9565
140000,山西省,2015,11.8877,,,36.6833,13.613,11.5502,13.8122
140000,山西省,2014,13.1843,,,39.9157,15.4227,12.2853,14.7958
140000,山西省,2013,14.2943,,,43.6393,15.9749,12.9099,15.548
140000,山西省,2012,17.2417,,,48.3237,17.11,11.7057,16.0642
140000,山西省,2011,17.6188,,,50.8529,19.3887,11.5261,18.8591
140000,山西省,2010,23.6507,18.5227,14.3871,57.521,18.1814,10.2637,19.4844
140000,山西省,2009,23.5084,18.113,16.9816,55.2169,15.2871,9.5133,19.2066
140000,山西省,2008,19.2899,17.3999,16.765,50.5659,14.8896,8.4555,16.5927
140000,山西省,2007,20.2538,18.1314,16.7597,48.7984,13.3543,7.486,15.227
140000,山西省,2006,17.2982,15.2713,14.3119,43.8345,10.9527,6.4602,14.0994
140000,山西省,2005,14.0586,13.4073,12.8063,36.1634,10.0235,5.8506,10.8067
140000,山西省,2004,,,,,,,
140000,山西省,2003,,,,,,,
140000,山西省,2002,,,,,,,
140000,山西省,2001,,,,,,,
140000,山西省,2000,,,,,,,
150000,内蒙古自治区,2019,5.7572,,,16.8536,5.9815,3.1533,5.7851
150000,内蒙古自治区,2018,5.7496,,,18.1488,6.0611,3.478,6.1604
150000,内蒙古自治区,2017,6.7913,,,19.262,6.7326,4.6608,6.3667
150000,内蒙古自治区,2016,7.1807,,,20.2672,6.9116,5.0712,6.8444
150000,内蒙古自治区,2015,7.6159,,,21.4555,8.2938,6.2574,7.4161
150000,内蒙古自治区,2014,8.24,,,23.1865,8.1296,5.654,7.7801
150000,内蒙古自治区,2013,8.3852,,,24.5414,9.5508,7.1732,8.3589
150000,内蒙古自治区,2012,9.6021,,,27.5527,10.9495,5.0544,9.742
150000,内蒙古自治区,2011,10.5862,,,30.7919,9.1335,4.3558,11.0039
150000,内蒙古自治区,2010,12.4227,10.093,8.2169,33.472,8.5296,4.796,9.2064
150000,内蒙古自治区,2009,16.1552,11.4783,9.2771,32.6956,7.7083,3.7938,8.6808
150000,内蒙古自治区,2008,10.6285,9.541,9.0309,26.9339,7.4932,3.5432,7.9863
150000,内蒙古自治区,2007,11.4021,10.1214,9.5432,26.4987,6.2121,2.5459,7.7267
150000,内蒙古自治区,2006,8.7751,8.1309,7.787,21.7044,6.0433,2.0522,6.4043
150000,内蒙古自治区,2005,8.4486,8.1504,7.3607,19.9875,5.5109,1.9959,5.9913
150000,内蒙古自治区,2004,,,,,,,
150000,内蒙古自治区,2003,,,,,,,
150000,内蒙古自治区,2002,,,,,,,
150000,内蒙古自治区,2001,,,,,,,
150000,内蒙古自治区,2000,,,,,,,
210000,辽宁省,2019,8.6152,,,26.5089,9.9924,5.0529,9.9319
210000,辽宁省,2018,8.0526,,,28.6095,9.8698,5.4666,10.316
210000,辽宁省,2017,10.3382,,,31.4385,9.6048,6.2861,10.303
210000,辽宁省,2016,11.2032,,,31.8885,10.6649,6.9623,10.1351
210000,辽宁省,2015,11.1181,,,32.5311,10.7471,7.3475,11.2266
210000,辽宁省,2014,10.827,,,33.322,11.5269,8.1742,11.3908
210000,辽宁省,2013,11.7987,,,34.9912,12.7767,8.3504,12.0537
210000,辽宁省,2012,12.1355,,,38.0601,13.1308,6.5801,13.5443
210000,辽宁省,2011,13.4577,,,40.7577,14.2226,6.8826,13.915
210000,辽宁省,2010,14.4448,13.0182,11.5422,42.7773,14.2613,7.0382,14.7071
210000,辽宁省,2009,15.4523,14.0806,12.797,44.3912,14.7303,7.1731,14.876
210000,辽宁省,2008,16.303,14.8469,13.693,45.8954,12.9789,6.4047,15.2202
210000,辽宁省,2007,16.5222,14.8679,13.8135,44.9385,13.0513,6.1565,13.6399
210000,辽宁省,2006,17.2162,16.096,15.1979,44.1932,12.5932,5.6984,13.5824
210000,辽宁省,2005,16.0681,15.1312,14.4873,43.1756,12.1551,5.1848,13.2877
210000,辽宁省,2004,,,,,,,
210000,辽宁省,2003,,,,,,,
210000,辽宁省,2002,,,,,,,
210000,辽宁省,2001,,,,,,,
210000,辽宁省,2000,,,,,,,
220000,吉林省,2019,4.3755,,,11.7863,4.3181,1.7636,4.1096
220000,吉林省,2018,3.509,,,12.0897,4.1718,2.0633,4.416
220000,吉林省,2017,4.4566,,,13.1774,3.8899,2.4218,4.3109
220000,吉林省,2016,4.6958,,,12.9856,4.892,2.9499,3.9879
220000,吉林省,2015,4.5498,,,13.4237,5.345,3.1855,4.9754
220000,吉林省,2014,4.3508,,,15.0044,7.6901,4.519,5.6503
220000,吉林省,2013,6.1055,,,19.2672,8.3932,5.0643,7.6607
220000,吉林省,2012,7.21,,,22.8866,8.9817,3.3902,8.119
220000,吉林省,2011,9.1656,,,26.5952,9.6934,4.0878,8.8556
220000,吉林省,2010,10.7251,9.552,6.4196,29.2359,9.1836,4.131,9.7149
220000,吉林省,2009,15.1829,12.8526,7.3268,32.2897,8.158,4.0592,9.1053
220000,吉林省,2008,10.2946,9.4261,7.7754,26.1272,6.9512,3.2234,8.5236
220000,吉林省,2007,9.5315,9.2936,8.7377,23.8586,6.8088,3.145,7.4625
220000,吉林省,2006,10.562,9.957,9.3276,22.9251,5.9549,2.6286,6.9467
220000,吉林省,2005,7.1668,6.7365,6.4227,18.2929,5.2454,2.2485,6.1468
220000,吉林省,2004,,,,,,,
220000,吉林省,2003,,,,,,,
220000,吉林省,2002,,,,,,,
220000,吉林省,2001,,,,,,,
220000,吉林省,2000,,,,,,,
230000,黑龙江省,2019,5.5174,,,16.7688,6.1511,1.8249,6.2918
230000,黑龙江省,2018,5.1549,,,18.04,6.9211,4.4729,6.5358
230000,黑龙江省,2017,6.4975,,,20.3828,7.4655,5.1633,7.1991
230000,黑龙江省,2016,7.1021,,,21.5729,7.4927,5.6697,7.6893
230000,黑龙江省,2015,7.628,,,22.9407,8.4332,6.5269,7.5532
230000,黑龙江省,2014,7.8379,,,24.319,9.9655,6.7345,8.6576
230000,黑龙江省,2013,8.3261,,,27.402,9.1783,7.2294,10.2468
230000,黑龙江省,2012,10.0212,,,29.2987,12.4133,6.2767,9.4281
230000,黑龙江省,2011,10.9287,,,32.3219,12.3316,5.4093,12.6828
230000,黑龙江省,2010,11.5897,9.0771,7.0031,36.0023,12.1979,6.0449,12.9907
230000,黑龙江省,2009,16.6216,12.877,9.1891,38.9955,9.3863,5.2653,12.1886
230000,黑龙江省,2008,14.2063,11.0475,8.1943,33.6106,7.5263,4.7134,9.5938
230000,黑龙江省,2007,12.1899,11.1771,9.405,29.4696,7.6586,3.8621,7.5554
230000,黑龙江省,2006,12.0059,9.2293,8.5805,26.4875,10.1637,4.4776,7.7487
230000,黑龙江省,2005,11.7793,7.686,7.3976,26.0073,7.2172,4.479,6.8866
230000,黑龙江省,2004,,,,,,,
230000,黑龙江省,2003,,,,,,,
230000,黑龙江省,2002,,,,,,,
230000,黑龙江省,2001,,,,,,,
230000,黑龙江省,2000,,,,,,,
310000,上海市,2019,3.4291,,,9.9979,3.3778,2.6911,3.3192
310000,上海市,2018,3.3372,,,10.2575,3.4707,2.9441,3.4312
310000,上海市,2017,3.4212,,,10.611,3.6722,3.1136,3.5449
310000,上海市,2016,3.5443,,,11.2013,3.8418,3.3207,3.8217
310000,上海市,2015,3.8786,,,11.9701,4.4179,3.8584,3.9338
310000,上海市,2014,4.096,,,13.0982,5.5827,4.7815,4.5932
310000,上海市,2013,4.4377,,,15.3298,4.8508,4.0627,5.5018
310000,上海市,2012,4.954,,,15.649,4.4859,3.5862,4.2951
310000,上海市,2011,4.8149,,,15.4008,5.1325,4.0509,4.526
310000,上海市,2010,4.8914,4.6887,4.4491,16.3878,5.553,4.2938,5.1821
310000,上海市,2009,5.0343,4.685,4.5815,17.6581,5.6959,4.4265,5.3978
310000,上海市,2008,5.7694,5.3931,5.2221,18.7916,5.8095,4.3171,5.5734
310000,上海市,2007,5.0663,4.8727,4.8456,18.9003,5.8129,4.0902,5.7008
310000,上海市,2006,5.6697,5.3955,5.2725,20.0636,6.0699,4.1656,5.9031
310000,上海市,2005,5.5216,5.1941,5.1368,20.6326,6.1196,2.8048,6.0637
310000,上海市,2004,,,,,,,
310000,上海市,2003,,,,,,,
310000,上海市,2002,,,,,,,
310000,上海市,2001,,,,,,,
310000,上海市,2000,,,,,,,
320000,江苏省,2019,21.2812,,,62.153,20.1787,17.5617,21.0132
320000,江苏省,2018,19.9204,,,62.6012,21.2599,17.9215,20.6745
320000,江苏省,2017,22.597,,,65.1464,21.6521,19.6727,21.714
320000,江苏省,2016,22.0939,,,65.2499,22.9665,21.1914,21.7876
320000,江苏省,2015,22.8701,,,68.0187,24.2467,21.2506,23.4628
320000,江苏省,2014,23.4361,,,72.3628,26.5876,23.0586,25.0484
320000,江苏省,2013,25.9053,,,79.3716,30.6146,26.1097,27.6705
320000,江苏省,2012,27.5225,,,88.4549,24.8643,18.9166,26.7884
320000,江苏省,2011,30.7406,,,92.6984,29.0081,19.6954,25.5029
320000,江苏省,2010,36.2563,34.3163,32.3951,102.0381,28.1831,22.0945,28.9869
320000,江苏省,2009,35.0832,34.2001,32.9714,104.8163,31.6447,23.9181,29.2694
320000,江苏省,2008,38.6757,34.7441,34.5112,113.5266,30.5559,22.1646,31.8922
320000,江苏省,2007,39.542,39.1221,38.8775,120.1202,28.3992,20.2233,31.522
320000,江苏省,2006,45.2002,44.8419,44.6249,119.3615,23.8245,14.788,28.9806
320000,江苏省,2005,41.1801,40.6796,40.4404,106.0824,19.7237,11.2757,25.6284
320000,江苏省,2004,,,,,,,
320000,江苏省,2003,,,,,,,
320000,江苏省,2002,,,,,,,
320000,江苏省,2001,,,,,,,
320000,江苏省,2000,,,,,,,
330000,浙江省,2019,19.9421,,,54.2066,17.231,16.1622,17.1549
330000,浙江省,2018,17.7634,,,52.612,17.0376,16.3466,17.4245
330000,浙江省,2017,18.4672,,,53.191,15.896,15.5182,17.3074
330000,浙江省,2016,18.8355,,,52.0695,16.9894,16.4726,15.9624
330000,浙江省,2015,18.7111,,,52.3584,17.9646,17.3617,17.3581
330000,浙江省,2014,17.9078,,,53.3785,20.2669,19.377,18.1066
330000,浙江省,2013,19.1505,,,57.8523,20.7272,19.7082,20.3961
330000,浙江省,2012,20.322,,,61.8597,20.3459,17.9344,20.6664
330000,浙江省,2011,23.815,,,65.2001,18.865,16.4371,20.5125
330000,浙江省,2010,24.1528,23.4057,23.2205,64.2238,18.7361,15.5607,19.1698
330000,浙江省,2009,24.4126,24.1757,23.3556,62.7707,20.6479,16.5244,19.1045
330000,浙江省,2008,22.7898,22.4857,21.6682,63.165,22.2799,16.8126,20.8975
330000,浙江省,2007,22.9174,22.5465,21.9408,66.8888,21.9044,16.6068,22.4582
330000,浙江省,2006,24.5679,24.1592,23.7385,69.7013,23.2408,16.3597,22.2775
330000,浙江省,2005,26.4499,26.181,25.7307,73.2778,21.878,14.7221,23.8289
330000,浙江省,2004,,,,,,,
330000,浙江省,2003,,,,,,,
330000,浙江省,2002,,,,,,,
330000,浙江省,2001,,,,,,,
330000,浙江省,2000,,,,,,,
340000,安徽省,2019,30.2038,,,75.0713,26.7892,20.7708,26.0051
340000,安徽省,2018,29.43,,,75.281,25.7212,20.2218,27.103
340000,安徽省,2017,28.7852,,,76.0672,27.9668,24.7163,27.0241
340000,安徽省,2016,30.5752,,,78.1809,32.9317,29.4052,28.8058
340000,安徽省,2015,30.677,,,83.7795,34.1013,30.3525,33.1264
340000,安徽省,2014,33.417,,,91.4742,32.6438,29.7133,34.0743
340000,安徽省,2013,36.9049,,,96.7746,32.4927,28.567,34.8601
340000,安徽省,2012,40.8824,,,100.2374,29.611,18.2493,33.1375
340000,安徽省,2011,40.5504,,,94.7984,28.9204,20.369,28.7795
340000,安徽省,2010,34.9069,30.4187,27.8881,87.2733,29.2473,17.7682,28.1925
340000,安徽省,2009,32.2237,29.5703,28.1829,86.2605,27.5297,17.4874,28.7856
340000,安徽省,2008,33.3608,30.2202,29.2009,87.9794,26.9384,14.9615,27.9236
340000,安徽省,2007,33.6231,30.8861,30.1679,84.8814,21.952,12.3832,26.4573
340000,安徽省,2006,32.4634,30.7663,29.6733,77.8375,17.3287,8.9039,22.2014
340000,安徽省,2005,27.6347,26.4525,25.715,63.3437,14.4932,6.6592,17.0958
340000,安徽省,2004,,,,,,,
340000,安徽省,2003,,,,,,,
340000,安徽省,2002,,,,,,,
340000,安徽省,2001,,,,,,,
340000,安徽省,2000,,,,,,,
350000,福建省,2019,13.0126,,,33.4826,11.0432,9.7549,10.1379
350000,福建省,2018,12.2939,,,33.5832,10.7814,9.7232,11.7466
350000,福建省,2017,11.6477,,,34.55,11.7763,10.9951,11.5281
350000,福建省,2016,13.7049,,,38.0533,13.1698,12.2039,12.0411
350000,福建省,2015,14.0767,,,39.6655,13.8364,12.72,13.5729
350000,福建省,2014,14.0906,,,43.761,15.2109,13.9792,16.6499
350000,福建省,2013,15.504,,,52.5051,15.0811,13.9327,19.4383
350000,福建省,2012,24.0792,,,58.2998,17.5933,14.7765,17.9605
350000,福建省,2011,25.1705,,,57.3082,16.2006,12.3509,19.6742
350000,福建省,2010,20.1482,17.4067,14.692,53.6047,15.5293,12.5254,18.0382
350000,福建省,2009,23.4002,18.8793,15.0546,54.002,14.9669,10.2565,17.0175
350000,福建省,2008,18.9416,17.2593,15.9131,49.831,13.651,9.0318,16.0923
350000,福建省,2007,19.1409,18.0801,17.1755,49.4266,12.702,8.8023,14.7293
350000,福建省,2006,19.4484,18.9311,18.1577,48.6711,12.4853,8.5655,13.3854
350000,福建省,2005,17.5931,17.0832,16.0659,44.7689,11.0036,6.3593,13.1477
350000,福建省,2004,,,,,,,
350000,福建省,2003,,,,,,,
350000,福建省,2002,,,,,,,
350000,福建省,2001,,,,,,,
350000,福建省,2000,,,,,,,
360000,江西省,2019,14.9327,,,38.5493,11.2129,10.5329,10.7638
360000,江西省,2018,12.2524,,,35.5042,10.866,10.2514,11.1134
360000,江西省,2017,11.203,,,34.4343,10.5534,5.2639,10.6846
360000,江西省,2016,13.5843,,,36.1692,11.801,8.6184,10.5946
360000,江西省,2015,15.71,,,43.1205,13.9595,10.7296,13.4954
360000,江西省,2014,14.9358,,,43.7172,15.4133,11.6746,14.4529
360000,江西省,2013,16.738,,,48.4628,15.9155,12.6287,15.9974
360000,江西省,2012,20.2862,,,54.9084,19.0635,11.1883,15.511
360000,江西省,2011,21.1902,,,58.7317,19.3413,10.8136,19.7055
360000,江西省,2010,21.9951,19.1974,17.3559,61.8065,18.8419,11.8078,19.0642
360000,江西省,2009,26.5726,22.4332,19.4202,63.9022,18.3916,10.7322,18.9047
360000,江西省,2008,22.3115,20.9682,19.9568,59.0283,20.0345,11.5785,18.5284
360000,江西省,2007,24.2376,21.8324,20.7227,60.7261,17.5091,9.884,19.9451
360000,江西省,2006,24.2953,22.4151,21.5921,57.3231,17.2836,8.5198,17.3429
360000,江西省,2005,24.094,22.6545,22.1408,54.1604,12.0609,6.897,17.1923
360000,江西省,2004,,,,,,,
360000,江西省,2003,,,,,,,
360000,江西省,2002,,,,,,,
360000,江西省,2001,,,,,,,
360000,江西省,2000,,,,,,,
370000,山东省,2019,26.7223,,,73.0464,25.9891,16.497,23.507
370000,山东省,2018,24.5355,,,75.0142,25.021,18.0701,26.2149
370000,山东省,2017,26.119,,,79.3357,24.8347,20.622,26.2529
370000,山东省,2016,28.818,,,80.9826,28.6687,23.7108,25.8771
370000,山东省,2015,29.4033,,,85.7264,32.0353,25.6485,30.2491
370000,山东省,2014,31.9143,,,94.8167,35.4032,28.4896,33.4371
370000,山东省,2013,36.3547,,,103.1585,37.8626,29.279,36.0144
370000,山东省,2012,40.467,,,114.7012,38.0451,24.7022,38.329
370000,山东省,2011,44.4703,,,117.713,38.6564,25.1782,38.0641
370000,山东省,2010,42.6954,36.412,32.0223,113.1621,43.9337,29.5311,39.4461
370000,山东省,2009,40.5242,34.844,31.7422,116.5052,41.89,27.1051,44.7171
370000,山东省,2008,41.8472,37.7261,35.8183,122.0469,39.6785,23.3996,42.7591
370000,山东省,2007,45.9179,41.5453,40.0606,121.5209,39.4091,23.858,39.8135
370000,山东省,2006,42.5392,39.5695,38.6413,114.2881,37.9869,21.8507,39.0892
370000,山东省,2005,39.2092,37.3208,35.9686,109.34,33.0584,18.0683,37.8698
370000,山东省,2004,,,,,,,
370000,山东省,2003,,,,,,,
370000,山东省,2002,,,,,,,
370000,山东省,2001,,,,,,,
370000,山东省,2000,,,,,,,
410000,河南省,2019,42.0862,,,111.0637,34.3875,21.9728,33.537
410000,河南省,2018,39.1987,,,110.1602,31.4036,22.946,35.8846
410000,河南省,2017,42.0404,,,106.5231,31.8726,24.9485,32.3173
410000,河南省,2016,37.49,,,101.5766,33.9047,27.0741,33.8099
410000,河南省,2015,37.8222,,,104.0439,38.8293,30.6889,35.6552
410000,河南省,2014,39.338,,,110.3864,41.9551,32.23,39.325
410000,河南省,2013,42.2209,,,119.3105,51.1694,39.121,42.5708
410000,河南省,2012,52.2537,,,145.6626,52.2733,28.0108,53.9172
410000,河南省,2011,56.9553,,,156.777,52.9025,29.6117,54.5275
410000,河南省,2010,62.5601,54.8046,50.3784,163.6004,52.6333,29.6116,54.6943
410000,河南省,2009,63.9658,56.0538,51.2243,163.7551,46.6854,25.0827,56.0902
410000,河南省,2008,57.6959,52.9729,49.3686,148.9797,40.2395,20.7758,47.2848
410000,河南省,2007,57.3631,52.5049,49.9442,135.911,38.7673,19.5043,40.2297
410000,河南省,2006,50.6255,47.2453,45.8103,119.8163,33.5796,15.8714,39.5665
410000,河南省,2005,43.7102,38.4495,37.4757,107.6826,31.6127,15.3414,34.4684
410000,河南省,2004,,,,,,,
410000,河南省,2003,,,,,,,
410000,河南省,2002,,,,,,,
410000,河南省,2001,,,,,,,
410000,河南省,2000,,,,,,,
420000,湖北省,2019,14.4955,,,39.191,11.6755,8.3438,11.8975
420000,湖北省,2018,12.7901,,,36.9424,11.6775,8.9694,11.7684
420000,湖北省,2017,12.7224,,,37.1206,11.4889,9.4647,12.1541
420000,湖北省,2016,13.2075,,,37.5637,11.1352,9.2976,11.6125
420000,湖北省,2015,13.2594,,,36.4893,12.5735,10.7627,11.363
420000,湖北省,2014,12.6656,,,37.2601,14.7158,12.2979,12.8264
420000,湖北省,2013,13.0826,,,41.0795,19.9722,16.6889,14.8633
420000,湖北省,2012,14.353,,,50.054,27.2883,17.3281,20.0699
420000,湖北省,2011,21.2318,,,72.0915,30.7701,19.2697,28.5419
420000,湖北省,2010,28.361,26.3684,25.1702,90.3834,33.5776,20.8282,32.1618
420000,湖北省,2009,36.7161,32.1723,28.8016,104.1759,30.7813,18.9089,34.9447
420000,湖北省,2008,39.0641,34.4019,33.3227,103.7294,26.4826,16.9716,32.6662
420000,湖北省,2007,38.7065,37.1488,36.2796,93.6192,22.0461,13.5281,26.9329
420000,湖北省,2006,36.9156,35.7639,35.0875,79.9509,16.8598,9.1786,21.5239
420000,湖北省,2005,27.3789,26.8393,26.4002,60.6014,12.9436,6.6373,15.5657
420000,湖北省,2004,,,,,,,
420000,湖北省,2003,,,,,,,
420000,湖北省,2002,,,,,,,
420000,湖北省,2001,,,,,,,
420000,湖北省,2000,,,,,,,
430000,湖南省,2019,25.3467,,,66.9992,20.9896,16.1591,20.9296
430000,湖南省,2018,22.9118,,,65.8221,20.4504,15.9255,21.253
430000,湖南省,2017,25.0215,,,68.6467,19.4901,15.9209,20.9108
430000,湖南省,2016,25.1324,,,66.0887,19.9567,16.8372,19.5218
430000,湖南省,2015,23.7759,,,64.802,20.4137,17.6169,19.9392
430000,湖南省,2014,22.7065,,,64.48,20.5099,17.5148,20.3185
430000,湖南省,2013,22.8627,,,65.0569,23.7097,20.5913,20.4274
430000,湖南省,2012,25.3092,,,73.4242,25.148,16.3758,23.4023
430000,湖南省,2011,27.9918,,,77.875,22.549,15.7944,25.2298
430000,湖南省,2010,30.2889,25.099,22.9378,76.4796,28.2883,17.9143,23.0053
430000,湖南省,2009,34.8884,29.4812,22.6499,80.8731,27.3181,18.912,27.6738
430000,湖南省,2008,28.0488,26.0392,25.0749,76.3491,26.9438,17.6276,26.7474
430000,湖南省,2007,33.6757,32.0977,31.2419,83.0646,25.6378,15.5882,27.1025
430000,湖南省,2006,31.4465,30.6289,30.2675,75.7763,21.5907,13.1169,23.0962
430000,湖南省,2005,31.7819,31.1835,30.8555,70.5568,18.7911,11.1244,19.2284
430000,湖南省,2004,,,,,,,
430000,湖南省,2003,,,,,,,
430000,湖南省,2002,,,,,,,
430000,湖南省,2001,,,,,,,
430000,湖南省,2000,,,,,,,
440000,广东省,2019,31.482,,,85.9668,27.9317,18.5207,27.0226
440000,广东省,2018,29.719,,,86.7254,31.847,23.1492,26.5408
440000,广东省,2017,32.2267,,,99.385,34.2297,23.2485,33.1896
440000,广东省,2016,35.1909,,,106.5745,38.9163,25.4377,33.2268
440000,广东省,2015,39.5377,,,117.2119,41.7278,26.3186,37.4198
440000,广东省,2014,41.7047,,,128.2205,45.701,26.1493,40.782
440000,广东省,2013,47.4927,,,140.8894,48.8286,28.5803,48.4031
440000,广东省,2012,49.5758,,,149.5738,41.9163,27.1335,51.1788
440000,广东省,2011,55.0297,,,152.0525,36.6543,24.5112,45.3448
440000,广东省,2010,74.132,64.081,52.3124,154.7785,33.1741,23.7823,43.0724
440000,广东省,2009,52.9881,49.6247,43.0088,120.4622,27.765,19.4813,34.3188
440000,广东省,2008,39.8121,38.412,37.1998,100.0771,24.53,17.3706,28.4447
440000,广东省,2007,36.566,35.8714,35.1769,90.7581,22.1502,15.5698,25.3728
440000,广东省,2006,32.6825,32.2432,31.6685,80.8429,19.8252,12.9289,22.4923
440000,广东省,2005,27.9265,27.6772,26.9568,71.0162,18.9083,11.8717,20.2488
440000,广东省,2004,,,,,,,
440000,广东省,2003,,,,,,,
440000,广东省,2002,,,,,,,
440000,广东省,2001,,,,,,,
440000,广东省,2000,,,,,,,
450000,广西壮族自治区,2019,25.9391,,,68.0286,19.6423,11.3794,21.0574
450000,广西壮族自治区,2018,24.7944,,,67.755,18.5663,11.1712,21.566
450000,广西壮族自治区,2017,25.2803,,,68.6797,19.9722,13.1593,21.1948
450000,广西壮族自治区,2016,25.6261,,,69.8572,22.4426,14.5645,22.2967
450000,广西壮族自治区,2015,25.6897,,,73.636,23.1889,15.0988,24.7663
450000,广西壮族自治区,2014,27.1153,,,78.2675,23.0497,13.7042,25.7344
450000,广西壮族自治区,2013,30.3601,,,82.2241,26.7471,16.7349,25.7768
450000,广西壮族自治区,2012,31.2754,,,86.2445,21.489,11.6957,26.183
450000,广西壮族自治区,2011,31.7077,,,84.1953,18.0013,11.7351,23.2763
450000,广西壮族自治区,2010,38.0908,33.041,17.643,80.9508,16.3557,10.8486,20.4167
450000,广西壮族自治区,2009,27.4911,25.2781,16.7666,62.8888,14.7542,9.754,17.026
450000,广西壮族自治区,2008,24.8976,23.9952,21.2337,58.5715,13.1577,8.5546,15.7301
450000,广西壮族自治区,2007,23.702,22.9573,20.8333,54.0551,11.4824,7.5014,13.7528
450000,广西壮族自治区,2006,20.9808,20.5063,19.6146,46.0389,10.207,6.6941,11.3682
450000,广西壮族自治区,2005,14.6927,14.2875,13.715,36.5996,9.7685,5.3948,10.9851
450000,广西壮族自治区,2004,,,,,,,
450000,广西壮族自治区,2003,,,,,,,
450000,广西壮族自治区,2002,,,,,,,
450000,广西壮族自治区,2001,,,,,,,
450000,广西壮族自治区,2000,,,,,,,
460000,海南省,2019,4.2818,,,11.7313,3.4764,1.0802,3.584
460000,海南省,2018,4.4177,,,11.9241,3.3132,0.9817,3.5329
460000,海南省,2017,4.5413,,,11.8819,3.3989,1.6128,3.3406
460000,海南省,2016,4.4176,,,11.5088,3.6121,1.4979,3.3395
460000,海南省,2015,4.3133,,,11.7129,3.9356,2.0428,3.6512
460000,海南省,2014,4.541,,,12.9497,4.3688,2.1628,4.122
460000,海南省,2013,5.1756,,,14.0225,4.0386,1.8879,4.4262
460000,海南省,2012,5.1055,,,14.1876,4.1583,1.5022,4.2405
460000,海南省,2011,5.7964,,,14.8743,3.2182,1.6293,4.3113
460000,海南省,2010,5.4732,5.0783,4.3907,13.6905,2.9692,1.4598,3.4449
460000,海南省,2009,5.7364,5.219,4.2407,12.1591,2.2003,0.9186,3.3417
460000,海南省,2008,4.246,3.9892,3.7361,9.6672,2.027,0.7202,2.298
460000,海南省,2007,4.2228,4.0874,3.7915,8.5828,1.6642,0.7108,2.0149
460000,海南省,2006,2.6285,2.5883,2.5221,6.4135,1.4087,0.5681,1.7018
460000,海南省,2005,2.4235,2.401,2.3967,5.8424,1.2598,0.5486,1.4856
460000,海南省,2004,,,,,,,
460000,海南省,2003,,,,,,,
460000,海南省,2002,,,,,,,
460000,海南省,2001,,,,,,,
460000,海南省,2000,,,,,,,
500000,重庆市,2019,12.3645,,,31.7203,9.2141,7.1461,9.2972
500000,重庆市,2018,10.9202,,,29.9909,9.9289,7.2003,9.2909
500000,重庆市,2017,10.9163,,,30.8252,9.4965,7.836,9.9575
500000,重庆市,2016,11.1203,,,31.1632,9.9687,8.1735,9.5183
500000,重庆市,2015,11.9002,,,32.8028,10.8659,9.3069,10.0919
500000,重庆市,2014,11.5977,,,33.911,11.5701,9.8258,11.106
500000,重庆市,2013,12.2154,,,36.2827,10.2518,8.408,11.8159
500000,重庆市,2012,13.6624,,,37.2049,10.8446,6.8602,9.4473
500000,重庆市,2011,14.6484,,,37.9534,11.8634,7.8477,11.5026
500000,重庆市,2010,13.2467,12.8204,12.2451,39.1601,12.5018,8.4193,12.3434
500000,重庆市,2009,15.4903,14.0089,13.0656,42.527,12.222,7.7931,13.4716
500000,重庆市,2008,15.237,14.3386,13.7724,42.6955,9.4009,6.3222,12.6027
500000,重庆市,2007,15.8916,15.0245,14.3723,38.9803,9.9933,6.7942,10.2482
500000,重庆市,2006,15.6461,14.3054,13.8506,35.9635,10.3218,7.4099,10.4754
500000,重庆市,2005,11.439,10.932,10.4298,30.8194,10.0472,6.8556,10.0405
500000,重庆市,2004,,,,,,,
500000,重庆市,2003,,,,,,,
500000,重庆市,2002,,,,,,,
500000,重庆市,2001,,,,,,,
500000,重庆市,2000,,,,,,,
510000,四川省,2019,32.3855,,,79.6091,30.7889,26.9076,28.5895
510000,四川省,2018,32.5773,,,82.006,32.7834,29.2927,31.5884
510000,四川省,2017,34.9331,,,86.0013,35.349,32.9562,33.4289
510000,四川省,2016,37.4774,,,91.4426,40.3808,37.3569,36.0223
510000,四川省,2015,40.078,,,98.7491,42.3086,39.6937,40.2941
510000,四川省,2014,44.3842,,,107.9228,46.8087,42.7842,43.2457
510000,四川省,2013,48.9969,,,119.5085,41.4213,38.3817,47.5213
510000,四川省,2012,50.111,,,126.26,35.9099,32.2539,44.5125
510000,四川省,2011,52.3302,,,126.6229,34.0512,24.4196,38.2662
510000,四川省,2010,51.1629,48.1864,43.64,123.6943,31.4065,21.6459,35.1305
510000,四川省,2009,52.8075,48.0594,44.318,120.315,28.6549,18.9132,31.5094
510000,四川省,2008,49.0369,45.9236,43.5229,108.0937,26.5395,17.7344,28.3847
510000,四川省,2007,43.7534,40.2045,39.2024,97.9883,22.4125,14.6561,25.825
510000,四川省,2006,44.9766,42.0402,40.8602,96.99,22.2391,14.9808,25.0043
510000,四川省,2005,34.5062,33.0718,32.2709,78.3244,19.2461,11.9139,22.7139
510000,四川省,2004,,,,,,,
510000,四川省,2003,,,,,,,
510000,四川省,2002,,,,,,,
510000,四川省,2001,,,,,,,
510000,四川省,2000,,,,,,,
520000,贵州省,2019,15.4707,,,43.8121,14.217,9.4041,14.6221
520000,贵州省,2018,16.6564,,,47.2182,15.267,10.7925,15.2504
520000,贵州省,2017,18.3061,,,50.3118,15.8978,12.2463,16.4982
520000,贵州省,2016,19.6615,,,55.0922,17.3046,14.0369,17.903
520000,贵州省,2015,22.8109,,,60.2491,11.8846,10.28,19.1238
520000,贵州省,2014,23.5809,,,54.4462,10.85,9.3567,12.5508
520000,贵州省,2013,24.7135,,,47.5512,10.0281,8.78,11.8953
520000,贵州省,2012,15.0784,,,38.3367,10.034,6.8419,11.6931
520000,贵州省,2011,14.8242,,,37.9908,9.0966,5.8055,11.3255
520000,贵州省,2010,15.5527,14.2299,11.6138,37.574,10.0997,6.0332,10.8643
520000,贵州省,2009,16.2831,14.8853,12.4093,38.6865,8.2599,4.2733,11.5479
520000,贵州省,2008,16.1156,15.3274,13.7539,35.6725,7.5594,3.7396,8.7311
520000,贵州省,2007,16.6093,15.9585,14.7142,33.3383,6.2027,2.8219,8.8017
520000,贵州省,2006,13.8395,13.2631,12.1688,27.7404,4.725,2.0751,6.8336
520000,贵州省,2005,9.9706,9.7515,8.8065,20.1373,4.377,1.7985,4.9907
520000,贵州省,2004,,,,,,,
520000,贵州省,2003,,,,,,,
520000,贵州省,2002,,,,,,,
520000,贵州省,2001,,,,,,,
520000,贵州省,2000,,,,,,,
530000,云南省,2019,19.4839,,,51.3232,14.8998,10.1414,15.5543
530000,云南省,2018,18.5565,,,50.5415,14.2093,9.1732,15.8284
530000,云南省,2017,18.79,,,50.1015,14.4267,10.3555,14.867
530000,云南省,2016,18.3589,,,48.6248,14.7993,11.378,14.9874
530000,云南省,2015,17.5583,,,48.4189,14.9924,12.3749,15.5181
530000,云南省,2014,17.603,,,49.0558,14.6232,11.402,15.6033
530000,云南省,2013,17.9685,,,49.4103,21.0191,14.5918,15.5852
530000,云南省,2012,18.3174,,,56.7843,16.2754,9.5764,21.9728
530000,云南省,2011,18.4875,,,57.8273,12.948,8.0941,16.384
530000,云南省,2010,27.9015,24.8464,16.9557,57.5301,12.8904,7.3277,13.0519
530000,云南省,2009,20.3187,18.4661,14.9716,47.193,11.7236,5.5459,13.4713
530000,云南省,2008,16.7146,15.6587,14.1195,41.3914,10.3236,4.8161,11.9365
530000,云南省,2007,15.2616,14.7267,13.8138,37.2249,9.314,4.0913,10.6552
530000,云南省,2006,12.8654,12.446,11.7895,32.5171,8.8677,3.6609,9.4384
530000,云南省,2005,11.3619,10.6112,9.954,29.4946,9.052,3.8956,8.778
530000,云南省,2004,,,,,,,
530000,云南省,2003,,,,,,,
530000,云南省,2002,,,,,,,
530000,云南省,2001,,,,,,,
530000,云南省,2000,,,,,,,
540000,西藏自治区,2019,1.0537,,,2.5402,0.6601,0.0873,0.6225
540000,西藏自治区,2018,0.969,,,2.2817,0.5228,0.0545,0.6683
540000,西藏自治区,2017,0.7462,,,1.93,0.5599,0.0509,0.5285
540000,西藏自治区,2016,0.7434,,,1.8157,0.4162,0.0833,0.5639
540000,西藏自治区,2015,0.5568,,,1.5796,0.6139,0.2988,0.4315
540000,西藏自治区,2014,0.7087,,,1.699,0.6408,0.1892,0.6102
540000,西藏自治区,2013,0.6471,,,1.7491,0.6412,0.5063,0.6448
540000,西藏自治区,2012,0.7901,,,1.8291,0.935,0.4861,0.6526
540000,西藏自治区,2011,0.5368,,,1.9767,0.8625,0.2574,0.9267
540000,西藏自治区,2010,0.7319,0.6313,0.6263,2.2613,0.7312,0.2261,0.8812
540000,西藏自治区,2009,1.1038,0.9509,0.9509,2.1357,0.3603,0.1322,0.6342
540000,西藏自治区,2008,0.5219,0.4773,0.4597,2.1003,0.2436,0.0705,1.0696
540000,西藏自治区,2007,0.6654,0.6368,0.4794,1.8958,0.2197,0.0357,1.0288
540000,西藏自治区,2006,0.2336,0.2049,0.1765,1.4775,0.228,0.0525,0.2261
540000,西藏自治区,2005,0.2856,0.2331,0.1989,0.7027,0.293,0.0849,0.2513
540000,西藏自治区,2004,,,,,,,
540000,西藏自治区,2003,,,,,,,
540000,西藏自治区,2002,,,,,,,
540000,西藏自治区,2001,,,,,,,
540000,西藏自治区,2000,,,,,,,
610000,陕西省,2019,10.9191,,,25.7529,7.3018,5.1756,7.5071
610000,陕西省,2018,8.2498,,,23.3336,8.4877,6.369,7.4453
610000,陕西省,2017,9.8383,,,26.2136,9.5895,7.5713,8.6998
610000,陕西省,2016,9.3314,,,27.7832,11.359,9.1939,9.943
610000,陕西省,2015,10.6435,,,32.2341,12.506,10.3279,11.5262
610000,陕西省,2014,13.5299,,,37.7135,16.0629,12.902,12.8517
610000,陕西省,2013,16.3984,,,45.4858,17.7319,14.7287,16.7457
610000,陕西省,2012,19.617,,,52.6654,20.1747,12.3532,17.5708
610000,陕西省,2011,23.6407,,,60.3772,20.7571,13.0317,19.4465
610000,陕西省,2010,25.182,22.718,21.5278,62.8261,19.8308,12.8485,21.1998
610000,陕西省,2009,24.642,22.3515,21.2649,62.5507,18.4594,11.7265,20.6421
610000,陕西省,2008,25.6669,23.9034,22.8426,59.0865,17.4525,10.7612,18.2443
610000,陕西省,2007,26.3026,23.7845,22.336,55.1114,15.952,9.8143,16.9355
610000,陕西省,2006,21.6352,20.0377,19.3272,47.5554,14.0053,7.8929,14.5609
610000,陕西省,2005,19.2052,18.0192,17.2756,42.7967,12.7128,6.9184,13.6288
610000,陕西省,2004,,,,,,,
610000,陕西省,2003,,,,,,,
610000,陕西省,2002,,,,,,,
610000,陕西省,2001,,,,,,,
610000,陕西省,2000,,,,,,,
620000,甘肃省,2019,7.6052,,,18.6733,5.9734,4.7652,5.4661
620000,甘肃省,2018,7.2657,,,18.9046,5.8873,5.0991,6.0322
620000,甘肃省,2017,7.323,,,19.3859,6.7833,6.0848,6.4082
620000,甘肃省,2016,8.0547,,,21.071,7.4645,6.3387,7.2483
620000,甘肃省,2015,8.1816,,,22.9348,8.7558,7.3222,8.0065
620000,甘肃省,2014,8.8185,,,26.2602,8.8913,7.4341,9.4302
620000,甘肃省,2013,9.8604,,,28.9531,10.5043,8.2698,9.67
620000,甘肃省,2012,11.7672,,,32.7834,10.1413,5.5471,9.5733
620000,甘肃省,2011,11.9116,,,33.2561,10.276,5.656,10.4269
620000,甘肃省,2010,13.7362,12.0262,10.2782,34.7376,10.2515,5.8093,10.8545
620000,甘肃省,2009,14.1481,12.272,10.7308,33.9878,8.4114,4.3386,10.5149
620000,甘肃省,2008,12.9851,11.8891,11.4732,30.9365,7.5489,3.8105,8.3739
620000,甘肃省,2007,12.3541,11.3408,10.9427,27.1813,6.1882,3.0078,7.3483
620000,甘肃省,2006,10.0491,9.3413,9.0692,23.1566,5.4087,2.5919,6.3537
620000,甘肃省,2005,7.9783,7.4428,6.8913,19.5551,5.4637,2.2614,5.4743
620000,甘肃省,2004,,,,,,,
620000,甘肃省,2003,,,,,,,
620000,甘肃省,2002,,,,,,,
620000,甘肃省,2001,,,,,,,
620000,甘肃省,2000,,,,,,,
630000,青海省,2019,3.1917,,,8.1621,2.0184,1.1143,2.1354
630000,青海省,2018,2.8694,,,7.6979,2.0654,1.287,2.094
630000,青海省,2017,2.8004,,,7.5047,1.9455,1.2851,2.1859
630000,青海省,2016,2.6852,,,7.4057,1.9256,1.2289,2.0216
630000,青海省,2015,2.7047,,,7.6364,1.9492,1.3331,2.2703
630000,青海省,2014,2.7303,,,7.7163,2.0116,1.4123,2.2117
630000,青海省,2013,2.9277,,,7.7784,2.2386,1.5788,2.1535
630000,青海省,2012,3.0143,,,7.6842,2.366,1.4488,2.1496
630000,青海省,2011,2.96,,,8.0057,2.162,1.5147,2.554
630000,青海省,2010,3.0713,2.6751,2.0654,7.9105,1.9773,1.429,2.2989
630000,青海省,2009,3.1892,2.7632,1.9895,7.6375,1.9356,1.2564,2.2563
630000,青海省,2008,3.0968,2.7352,2.3169,6.7917,1.3798,0.7263,2.0338
630000,青海省,2007,3.0861,2.6746,2.4284,5.4566,0.9175,0.4817,1.5131
630000,青海省,2006,2.1173,1.9313,1.658,3.6886,0.7939,0.4437,0.9722
630000,青海省,2005,1.3216,1.0434,0.8567,2.4656,0.5836,0.2486,0.7996
630000,青海省,2004,,,,,,,
630000,青海省,2003,,,,,,,
630000,青海省,2002,,,,,,,
630000,青海省,2001,,,,,,,
630000,青海省,2000,,,,,,,
640000,宁夏回族自治区,2019,2.7933,,,7.464,2.2966,1.3766,2.2759
640000,宁夏回族自治区,2018,2.7156,,,7.282,2.4527,1.4721,2.3258
640000,宁夏回族自治区,2017,2.5067,,,7.4742,2.466,1.9452,2.4998
640000,宁夏回族自治区,2016,2.8088,,,7.8743,2.4379,1.7592,2.5008
640000,宁夏回族自治区,2015,3.0832,,,8.2117,2.5942,1.6202,2.5025
640000,宁夏回族自治区,2014,3.0388,,,8.1966,3.6834,2.4117,2.6169
640000,宁夏回族自治区,2013,3.0348,,,9.395,3.1536,2.1289,3.808
640000,宁夏回族自治区,2012,3.6055,,,10.4757,3.2461,1.7281,3.2448
640000,宁夏回族自治区,2011,5.0433,,,11.25,2.9398,1.5113,3.248
640000,宁夏回族自治区,2010,4.2521,3.6263,2.9874,10.1878,2.8493,1.3077,3.2937
640000,宁夏回族自治区,2009,4.5839,4.0261,3.2474,9.6448,2.0547,1.1584,2.7768
640000,宁夏回族自治区,2008,4.1166,3.424,3.1925,7.8095,2.1329,1.114,2.0278
640000,宁夏回族自治区,2007,3.145,2.6639,2.5476,6.7138,1.8464,0.9064,2.2597
640000,宁夏回族自治区,2006,2.5388,2.1113,1.9384,6.126,1.7133,0.7178,2.0548
640000,宁夏回族自治区,2005,2.8422,2.2767,2.1609,5.8773,1.5856,0.6173,1.7478
640000,宁夏回族自治区,2004,,,,,,,
640000,宁夏回族自治区,2003,,,,,,,
640000,宁夏回族自治区,2002,,,,,,,
640000,宁夏回族自治区,2001,,,,,,,
640000,宁夏回族自治区,2000,,,,,,,
650000,新疆维吾尔自治区,2019,8.71,,,25.5437,6.7961,3.7289,7.6845
650000,新疆维吾尔自治区,2018,10.0792,,,25.3657,6.8483,4.712,7.3226
650000,新疆维吾尔自治区,2017,8.5511,,,23.8694,6.4318,4.7649,7.2343
650000,新疆维吾尔自治区,2016,8.8939,,,23.5108,5.4934,4.259,6.9736
650000,新疆维吾尔自治区,2015,8.9493,,,22.1705,6.5161,4.8583,6.1491
650000,新疆维吾尔自治区,2014,8.5937,,,21.9483,7.0764,5.5338,7.115
650000,新疆维吾尔自治区,2013,8.3893,,,22.9294,7.486,5.0888,7.5347
650000,新疆维吾尔自治区,2012,8.6751,,,23.5277,7.1288,4.0546,7.7522
650000,新疆维吾尔自治区,2011,9.0177,,,24.3039,6.4508,3.808,7.2113
650000,新疆维吾尔自治区,2010,9.8894,8.6678,7.7918,23.3319,6.6383,3.4953,6.97
650000,新疆维吾尔自治区,2009,8.8484,7.686,6.8344,21.7555,5.9414,2.9639,6.5806
650000,新疆维吾尔自治区,2008,9.1979,7.904,7.461,21.1001,4.2831,1.9845,6.3134
650000,新疆维吾尔自治区,2007,9.713,8.476,8.0151,19.3084,3.7123,1.4654,4.8727
650000,新疆维吾尔自治区,2006,6.5752,6.1612,5.418,14.6426,3.1257,1.361,4.1672
650000,新疆维吾尔自治区,2005,5.1305,4.5243,3.5548,11.5923,2.856,1.075,3.3103
650000,新疆维吾尔自治区,2004,,,,,,,
650000,新疆维吾尔自治区,2003,,,,,,,
650000,新疆维吾尔自治区,2002,,,,,,,
650000,新疆维吾尔自治区,2001,,,,,,,
650000,新疆维吾尔自治区,2000,,,,,,,
