省份编码,省份,年份,小学生师比(教师人数=1),初中生师比(教师人数=1),普通高中生师比(教师人数=1),职业高中生师比(教师人数=1),普通中专生师比(教师人数=1),普通高校生师比(教师人数=1),本科院校生师比(教师人数=1),专科院校生师比(教师人数=1)
110000,北京市,2019,13.58,8.33,7.41,,,16.9,,
110000,北京市,2018,13.65,7.83,7.44,,,16.94,,
110000,北京市,2017,13.58,7.73,7.64,,,17.13,,
110000,北京市,2016,14.0495542865,8.0155666438,7.7474354103,,,14.97,,
110000,北京市,2015,14.3472927599,8.6247450921,7.9454084983,,,16.0857707043,,
110000,北京市,2014,14.4391067347,9.4396615385,8.4120907756,,,15.9527657884,,
110000,北京市,2013,14.3554318764664,9.74544998117234,9.00124760076775,,,15.58,,
110000,北京市,2012,13.7,9.83,9.38,,,16.7,,
110000,北京市,2011,13.3771797039338,9.89780280952225,9.60141753211596,12.8222933760256,25.6532520325203,16.180796408178,16.3850703513354,14.47
110000,北京市,2010,13.2,10.24,10.11,12.93,21.2,15.97,16.22,14.11
110000,北京市,2009,13.1372393771444,10.4813463498011,10.2693550015141,12.2665214233842,22.6567222006974,15.93,16.24,13.73
110000,北京市,2008,13.5432068342369,10.8260464187007,11.0415134263691,13.1109888093928,32.8920562523755,16.04,16.41,13.47
110000,北京市,2007,13.8325240703851,11.1828776785115,11.9912457581272,12.8452173913043,31.8582065393331,14.9,15.92,12.67
110000,北京市,2006,9.82,9.62,12.6,13.19,32.63,15.81,16.37,14.45
110000,北京市,2005,10.3128806206724,10.3420164013507,14.0054339622642,12.895271342431,32.4366591928251,17.3480558267762,18.07715851205,11.1667573943023
110000,北京市,2004,10.5817868640679,11.9139078971703,14.7173843187661,12.3906178138893,30.0367239101717,17.13,18.1,8.85
110000,北京市,2003,,,,,,,,
110000,北京市,2002,,,,,,,,
110000,北京市,2001,,,,,,,,
110000,北京市,2000,,,,,,,,
120000,天津市,2019,15.1,10.71,9.55,,,18.51,,
120000,天津市,2018,15.03,10.2,9.63,,,18.67,,
120000,天津市,2017,15.06,9.76,9.91,,,18.24,,
120000,天津市,2016,15.192312321,9.6268774407,9.9978050119,,,17.69,,
120000,天津市,2015,14.9779612955,9.9249952553,10.2438435837,,,17.4790803766,,
120000,天津市,2014,14.709171628,10.208358802,10.6242796292,,,17.4491818092,,
120000,天津市,2013,14.4249771391248,10.0400508337505,11.2351016742575,,,17.29,,
120000,天津市,2012,14.09,9.85,11.74,,,17.29,,
120000,天津市,2011,13.8433670608965,10.1296983758701,12.2335751978892,12.4391143911439,15.184858044164,17.0343279886089,16.950101488498,17.27
120000,天津市,2010,13.56,10.56,12.49,12.32,14.77,16.77,16.63,17.12
120000,天津市,2009,13.3726477254757,10.8432246609497,12.5094377376109,12.7383021390374,15.8731150366221,16.64,16.52,16.94
120000,天津市,2008,13.5415345428081,11.5374263448014,12.7320449203447,15.4180327868852,20.3927014000459,16.53,16.51,16.57
120000,天津市,2007,13.280413169787,12.2080590540695,13.6098179453836,16.2821899290301,24.1251719394773,16.47,16.34,16.69
120000,天津市,2006,12.94,12.66,14.32,16.24,23.52,16.59,16.0,17.61
120000,天津市,2005,12.9760200603759,13.1397731430662,15.2868304357007,15.2087099424815,22.8536657761947,17.4179577464789,18.1630126386381,15.8158624514698
120000,天津市,2004,13.1723090071697,14.158348649795,15.1497138496757,14.9122373300371,20.5928338762215,16.89,17.45,15.59
120000,天津市,2003,,,,,,,,
120000,天津市,2002,,,,,,,,
120000,天津市,2001,,,,,,,,
120000,天津市,2000,,,,,,,,
130000,河北省,2019,17.18,14.11,13.19,,,18.0,,
130000,河北省,2018,17.32,14.17,13.37,,,17.39,,
130000,河北省,2017,17.42,13.87,13.68,,,17.11,,
130000,河北省,2016,17.6588836908,13.5935241561,13.6127161145,,,16.9,,
130000,河北省,2015,17.5932233897,13.5846028166,13.5652678195,,,17.4602828521,,
130000,河北省,2014,16.9182549462,13.4503970703,13.2341955745,,,17.2817953364,,
130000,河北省,2013,17.1304131018391,12.6674511278652,13.2827902227948,,,17.54,,
130000,河北省,2012,17.74,12.95,14.19,,,17.65,,
130000,河北省,2011,17.0940837879932,12.4653488304687,14.7733839666491,17.6995050671695,31.3523222992045,17.8880610782352,17.9900339893416,17.68
130000,河北省,2010,16.04,12.45,15.37,21.23,24.22,17.82,17.96,17.52
130000,河北省,2009,15.2116001220279,12.9909227141622,16.0055035773253,24.8764241893076,25.423235411405,17.7,17.84,17.45
130000,河北省,2008,15.0192010154656,14.1587869587219,16.7500991719145,22.9226195879096,29.5550187527811,17.91,17.99,17.75
130000,河北省,2007,14.7300784550774,15.2073379559544,17.3490084985836,23.5117969821674,29.3388923203624,17.62,17.73,17.4
130000,河北省,2006,16.34,16.12,19.32,22.66,30.19,18.16,18.35,17.81
130000,河北省,2005,15.6308081596951,17.0903156104177,18.9520591801425,20.3522863236748,31.9776929850308,16.9801480005692,17.987735600617,15.261215583082
130000,河北省,2004,16.839624790661,18.1158640188729,19.1584784411277,17.1451871509924,32.9716744352815,16.81,18.16,13.93
130000,河北省,2003,,,,,,,,
130000,河北省,2002,,,,,,,,
130000,河北省,2001,,,,,,,,
130000,河北省,2000,,,,,,,,
140000,山西省,2019,13.67,10.45,10.29,,,17.9,,
140000,山西省,2018,13.6,10.5,10.63,,,17.62,,
140000,山西省,2017,13.49,10.0,11.26,,,18.28,,
140000,山西省,2016,13.2386918122,9.9192022802,11.9006773078,,,18.13,,
140000,山西省,2015,13.1218453142,9.9626017842,12.8138540019,,,18.8826048769,,
140000,山西省,2014,12.69519905,10.5152775142,13.5862040669,,,18.627982727,,
140000,山西省,2013,12.7189611626825,10.9971728800858,14.1623101318645,,,17.73,,
140000,山西省,2012,14.2,12.71,14.72,,,18.01,,
140000,山西省,2011,14.6802616248279,13.7713344620078,15.1859127337489,20.762931696086,24.6139393169989,17.029892179948,16.9081150866839,17.29
140000,山西省,2010,15.28,14.37,15.36,25.04,27.88,16.44,16.34,16.62
140000,山西省,2009,15.7336476347356,14.4021484391289,15.6599801737711,20.9877514600908,23.2568910032181,16.67,16.44,17.12
140000,山西省,2008,16.6173297893245,14.8184874921516,15.893325484146,21.650742741391,32.298485730926,16.41,16.09,17.01
140000,山西省,2007,17.136446801731,15.367140258591,16.1846890354008,19.8209779830131,33.8504430186373,17.3,17.72,15.77
140000,山西省,2006,14.23,15.78,15.07,17.44,38.06,17.77,16.8,20.0
140000,山西省,2005,18.2167981650899,16.0569603362578,17.1632397854893,15.1274883523931,35.4260594337964,14.6625448028674,16.7609429472636,10.8045579407875
140000,山西省,2004,18.791364987026,16.5468223460281,17.5006353927268,14.2622911977254,35.9817038307604,13.9,15.87,9.67
140000,山西省,2003,,,,,,,,
140000,山西省,2002,,,,,,,,
140000,山西省,2001,,,,,,,,
140000,山西省,2000,,,,,,,,
150000,内蒙古自治区,2019,13.25,11.14,10.99,,,17.64,,
150000,内蒙古自治区,2018,13.33,10.93,11.6,,,17.41,,
150000,内蒙古自治区,2017,13.3,10.74,12.22,,,17.47,,
150000,内蒙古自治区,2016,13.4678032972,10.7304491055,12.8936048014,,,17.37,,
150000,内蒙古自治区,2015,12.9129558636,10.8225978377,13.5756127595,,,18.2954425341,,
150000,内蒙古自治区,2014,12.0867968153,11.0231604938,14.4017256769,,,18.1672340276,,
150000,内蒙古自治区,2013,11.8524363333816,11.1160913230213,14.9408403869407,,,17.87,,
150000,内蒙古自治区,2012,12.09,12.01,15.52,,,17.59,,
150000,内蒙古自治区,2011,12.3562171382348,12.6494206025733,15.7639918221314,16.01589958159,30.092097325558,17.6262861649876,18.1536913595774,16.94
150000,内蒙古自治区,2010,12.6,12.73,15.81,19.57,22.82,17.2,17.55,16.72
150000,内蒙古自治区,2009,12.9999042212315,12.9594344176776,16.6878512476316,18.6161464209603,21.3565282454171,17.77,17.46,18.23
150000,内蒙古自治区,2008,13.4818789615351,13.4415183575695,17.656518192201,16.9239089422714,26.792,16.93,16.88,17.0
150000,内蒙古自治区,2007,13.754550583742,14.1903419370402,18.7809447343771,17.2962962962963,29.0784798740724,17.45,17.51,17.29
150000,内蒙古自治区,2006,17.49,14.9,16.25,15.62,25.37,15.54,16.48,14.1
150000,内蒙古自治区,2005,13.4163192927018,15.2353114436793,19.6441517505347,14.777950310559,26.1034830893488,15.1638366223038,17.1943294329433,11.5955393862702
150000,内蒙古自治区,2004,13.3378968621047,15.9882389731876,19.2562111169845,13.3184566145092,23.7358940397351,14.22,17.16,9.07
150000,内蒙古自治区,2003,,,,,,,,
150000,内蒙古自治区,2002,,,,,,,,
150000,内蒙古自治区,2001,,,,,,,,
150000,内蒙古自治区,2000,,,,,,,,
210000,辽宁省,2019,14.2,10.18,11.48,,,18.46,,
210000,辽宁省,2018,14.27,9.96,11.75,,,17.18,,
210000,辽宁省,2017,13.88,9.68,12.26,,,17.45,,
210000,辽宁省,2016,14.1643945869,9.8857922393,12.3457633814,,,16.82,,
210000,辽宁省,2015,14.2823959658,10.2485278941,12.6820433931,,,17.1194787199,,
210000,辽宁省,2014,14.0705215918,10.6753195534,13.339322214,,,17.2658012924,,
210000,辽宁省,2013,14.3285806415433,10.6427809424126,14.1030629139073,,,17.28,,
210000,辽宁省,2012,14.72,11.22,14.72,,,17.17,,
210000,辽宁省,2011,14.9052572237843,11.7851955499936,15.5037963668008,16.7742491606932,18.6552454282964,16.946052490298,17.2864574234748,15.67
210000,辽宁省,2010,14.85,12.64,16.01,18.03,17.49,16.82,17.25,15.2
210000,辽宁省,2009,15.0688793742611,13.3876984283295,16.4868717007115,17.7417324230872,16.9741663613045,16.83,17.12,15.62
210000,辽宁省,2008,15.6737663782202,14.1815841134864,17.0176485794186,19.0833540681762,19.8714326895359,17.1,17.35,16.05
210000,辽宁省,2007,15.9577729629847,14.4394429197879,18.0450402275103,18.5585093370301,19.3009912314144,16.29,16.22,16.36
210000,辽宁省,2006,20.72,14.5,15.25,15.83,22.75,17.48,17.97,15.72
210000,辽宁省,2005,16.2978867772283,14.7527597966911,19.478355318258,14.8647414174156,25.2329285059578,16.6095675230053,17.761185226794,12.1891979301423
210000,辽宁省,2004,16.7122001399496,15.3758790468244,19.2547350081493,14.4770913390482,24.6219310670444,15.47,16.71,10.51
210000,辽宁省,2003,,,,,,,,
210000,辽宁省,2002,,,,,,,,
210000,辽宁省,2001,,,,,,,,
210000,辽宁省,2000,,,,,,,,
220000,吉林省,2019,11.29,9.88,13.2,,,18.96,,
220000,吉林省,2018,11.27,10.04,13.27,,,17.98,,
220000,吉林省,2017,11.33,9.57,13.82,,,17.84,,
220000,吉林省,2016,11.5295120839,9.3405416267,13.8134440571,,,17.05,,
220000,吉林省,2015,11.6281051809,9.2008837525,14.1122342643,,,17.7377136267,,
220000,吉林省,2014,11.2553468939,9.3003702929,14.6551043429,,,17.6620914724,,
220000,吉林省,2013,11.8303971645992,9.65254934825878,16.4681662911549,,,17.33,,
220000,吉林省,2012,11.94,10.41,17.13,,,17.2,,
220000,吉林省,2011,11.811159256159,11.2018482635266,17.3761704289758,16.4131899302683,21.0097734340293,17.3559530836948,17.5970910636747,16.05
220000,吉林省,2010,11.6,12.19,17.05,17.88,17.56,17.72,17.76,17.52
220000,吉林省,2009,11.388056211565,12.7827756122674,16.958775199971,20.9489940828402,18.0586260908481,17.67,17.77,17.08
220000,吉林省,2008,11.6227249492712,13.580882461122,17.7913603610161,19.0645161290323,19.3326923076923,17.27,17.53,15.79
220000,吉林省,2007,11.6884046396653,13.9254072840489,18.8839138884736,19.2071819329499,19.6393229166667,18.32,18.2,18.54
220000,吉林省,2006,16.48,14.32,15.74,19.2,21.43,16.86,17.22,15.34
220000,吉林省,2005,11.8048883239513,15.2836368217,20.1473736209452,14.8815740395375,21.9857713429855,16.3965459980073,17.3485245174173,11.6960999123576
220000,吉林省,2004,12.3586271504003,16.4594572152179,20.2509640390996,13.4703493095045,20.7421026653504,16.39,17.16,11.74
220000,吉林省,2003,,,,,,,,
220000,吉林省,2002,,,,,,,,
220000,吉林省,2001,,,,,,,,
220000,吉林省,2000,,,,,,,,
230000,黑龙江省,2019,11.94,10.38,12.86,,,15.97,,
230000,黑龙江省,2018,11.93,10.48,12.85,,,15.31,,
230000,黑龙江省,2017,12.02,10.08,13.11,,,15.51,,
230000,黑龙江省,2016,12.0539058051,9.9935100114,12.9949896011,,,15.2,,
230000,黑龙江省,2015,11.7407177923,9.5897154428,13.0966819492,,,16.231645789,,
230000,黑龙江省,2014,11.2938887496,9.6037417461,13.3231083845,,,16.1944428158,,
230000,黑龙江省,2013,11.2838783420403,9.59533214013866,14.0338357501726,,,16.19,,
230000,黑龙江省,2012,12.95,12.04,14.38,,,16.19,,
230000,黑龙江省,2011,12.6948820896836,12.1712657736941,14.9228020528563,14.6975012013455,27.4679236606116,16.1598332583126,16.7092448835568,14.53
230000,黑龙江省,2010,12.42,12.73,15.15,15.32,24.08,16.85,16.92,16.64
230000,黑龙江省,2009,12.2801677148847,13.0339956580574,15.1626903996211,17.8365492483733,23.2885366413967,17.15,17.25,16.91
230000,黑龙江省,2008,12.5945018928326,13.4423825865659,15.5204133448433,16.0751104565538,28.3998525436225,17.33,17.71,16.33
230000,黑龙江省,2007,12.8416353087756,13.9878954056042,16.2484681454526,15.6326366559486,26.2788150360966,16.76,17.17,16.09
230000,黑龙江省,2006,16.32,14.62,17.27,14.29,25.92,17.96,18.37,17.01
230000,黑龙江省,2005,13.504907967942,15.5867485089099,17.1169154958496,13.0254934210526,30.0458885124731,16.4571702535691,17.4605844316455,13.3848317645786
230000,黑龙江省,2004,13.2101395529286,16.0112684713294,16.7481315853957,11.8544621114454,35.5370187561698,15.93,17.24,11.56
230000,黑龙江省,2003,,,,,,,,
230000,黑龙江省,2002,,,,,,,,
230000,黑龙江省,2001,,,,,,,,
230000,黑龙江省,2000,,,,,,,,
310000,上海市,2019,13.9,10.47,8.57,,,15.94,,
310000,上海市,2018,14.09,10.55,8.62,,,16.34,,
310000,上海市,2017,14.35,10.48,8.86,,,16.82,,
310000,上海市,2016,14.7918297777,10.8511342155,8.9312354972,,,16.11,,
310000,上海市,2015,15.2651134344,10.9771323608,9.0930566732,,,16.7432985386,,
310000,上海市,2014,15.5972106214,11.4935232812,9.2701254343,,,17.0247668906,,
310000,上海市,2013,15.9221248894961,12.1139560043274,9.44680722891566,,,17.14,,
310000,上海市,2012,15.82,12.29,9.51,,,16.93,,
310000,上海市,2011,15.8068707571237,12.4785544542978,9.70450711014702,12.2125956854558,20.5528749497386,16.9153560814768,16.9105997639936,16.96
310000,上海市,2010,15.51,12.51,10.1,13.2,22.16,17.03,16.93,17.59
310000,上海市,2009,15.1597858981887,12.6745694142844,10.510712594697,17.3139832055495,24.1853125632207,16.96,16.79,17.89
310000,上海市,2008,14.4165852944048,12.8349529212941,11.1960351142375,17.8488241881299,23.8126602248077,16.88,16.78,17.45
310000,上海市,2007,13.8690801279551,12.7976404359804,12.7552782574787,18.6343930635838,24.8797591297591,16.51,16.07,17.19
310000,上海市,2006,25.93,13.2,17.1,18.68,26.13,17.46,17.63,16.97
310000,上海市,2005,14.2372872424514,13.9130719537971,17.0917813476616,18.9397949057228,25.7398343373494,17.4290699606714,17.6782448501089,16.2390017597184
310000,上海市,2004,14.2451785573719,15.3447133010705,17.5981942575146,19.9987429289755,26.6356912573488,17.54,17.64,17.03
310000,上海市,2003,,,,,,,,
310000,上海市,2002,,,,,,,,
310000,上海市,2001,,,,,,,,
310000,上海市,2000,,,,,,,,
320000,江苏省,2019,17.25,12.06,10.58,,,15.8,,
320000,江苏省,2018,17.73,11.83,10.26,,,15.68,,
320000,江苏省,2017,17.99,11.48,9.96,,,15.65,,
320000,江苏省,2016,18.056645528,11.0390097227,10.0086778163,,,15.34,,
320000,江苏省,2015,17.9799737301,10.768839468,10.2524977198,,,16.5386582503,,
320000,江苏省,2014,17.4499907473,10.5961620981,10.7127097576,,,16.2428718324,,
320000,江苏省,2013,16.8634752665848,10.4950052546529,11.407799122239,,,15.48,,
320000,江苏省,2012,16.74,10.81,12.43,,,15.45,,
320000,江苏省,2011,16.3759230458614,11.405375182324,13.2471873102142,16.7510200750775,23.4307533387442,15.6518416795848,16.3181830864094,14.64
320000,江苏省,2010,15.98,12.5,13.81,17.57,23.46,15.88,16.38,15.14
320000,江苏省,2009,15.5507352796811,13.6103901622799,14.4192841934503,20.5083823941688,25.5960905748016,16.08,16.2,15.91
320000,江苏省,2008,16.0206346651382,14.8299670656449,15.1510544087022,18.2839329854436,36.4104301708898,16.09,16.27,15.83
320000,江苏省,2007,16.6144891741542,15.7439650256605,15.6428323321483,21.59060439261,41.6766993574569,18.14,18.09,18.21
320000,江苏省,2006,14.92,16.75,18.39,21.56,45.21,18.54,16.92,20.84
320000,江苏省,2005,18.5568325141604,18.1258651198341,16.3671580274997,20.3602767368118,46.4207162921348,17.6905100268435,18.0532023692845,16.9415724404945
320000,江苏省,2004,19.937177517674,19.408595568174,16.5767304326836,16.6801092451624,46.2430208165241,17.15,18.27,14.63
320000,江苏省,2003,,,,,,,,
320000,江苏省,2002,,,,,,,,
320000,江苏省,2001,,,,,,,,
320000,江苏省,2000,,,,,,,,
330000,浙江省,2019,16.99,12.54,10.9,,,15.75,,
330000,浙江省,2018,17.14,12.66,10.93,,,15.29,,
330000,浙江省,2017,17.26,12.5,11.11,,,15.12,,
330000,浙江省,2016,17.7494050595,12.3358063192,11.2628721902,,,15.26,,
330000,浙江省,2015,18.3290256663,12.3049723849,11.6506575875,,,16.5136150569,,
330000,浙江省,2014,18.6165169123,12.5866883853,12.0561924508,,,16.763234354,,
330000,浙江省,2013,19.053112345282,12.5777195259546,12.9226874721081,,,17.02,,
330000,浙江省,2012,19.32,12.56,13.58,,,17.05,,
330000,浙江省,2011,19.7307875374902,12.9622034040413,14.1890151515152,20.8099863030756,23.1073013311819,17.2127131782946,16.9789776236401,17.73
330000,浙江省,2010,19.39,13.87,14.12,21.39,23.27,17.13,16.91,17.61
330000,浙江省,2009,19.1145077659287,14.7711847406342,14.1351123595506,19.247583611325,24.210429769392,17.32,17.05,17.89
330000,浙江省,2008,19.7965111083308,15.7316307786509,14.1346887759353,21.4799555517566,26.1021520803443,17.86,17.5,18.64
330000,浙江省,2007,20.2557559582395,15.7357479790275,14.6795744967801,22.919793295119,27.0125293657009,19.08,19.42,18.66
330000,浙江省,2006,17.47,15.51,16.54,22.91,30.35,18.67,18.36,19.29
330000,浙江省,2005,21.1122127473286,15.5513066400036,15.8215428430787,24.3354369777159,34.7954301075269,17.6032457129295,17.7266611372224,17.3801232922359
330000,浙江省,2004,21.5090801186944,16.4317024654634,16.1456766035683,24.4319703597893,34.631963223364,16.92,17.21,16.24
330000,浙江省,2003,,,,,,,,
330000,浙江省,2002,,,,,,,,
330000,浙江省,2001,,,,,,,,
330000,浙江省,2000,,,,,,,,
340000,安徽省,2019,18.09,13.48,13.54,,,19.16,,
340000,安徽省,2018,18.32,13.16,13.67,,,18.21,,
340000,安徽省,2017,17.98,13.0,13.91,,,18.52,,
340000,安徽省,2016,17.8950613947,12.7871600711,14.3146644252,,,18.44,,
340000,安徽省,2015,17.7329460797,12.6000026515,14.8746152133,,,19.1304880575,,
340000,安徽省,2014,17.4500340476,12.3968919729,15.9666919202,,,18.8728943996,,
340000,安徽省,2013,17.1836804112022,12.6263909261039,16.997074914685,,,18.78,,
340000,安徽省,2012,16.76,13.23,18.01,,,18.74,,
340000,安徽省,2011,18.2304053526441,15.4624885522636,18.3811173232534,25.8006754973877,28.9846250392218,18.769632711039,18.6528740712096,18.96
340000,安徽省,2010,18.74,17.1,19.08,34.87,35.01,18.44,18.31,18.62
340000,安徽省,2009,19.5852088738712,18.5028523437743,20.4398647485168,30.8265268981583,35.3775679469185,18.35,18.04,18.86
340000,安徽省,2008,20.7295833001354,19.7895508871287,21.1420981895802,38.9363387786581,36.5595725029687,18.51,18.43,18.64
340000,安徽省,2007,21.5679555061878,20.744990376631,22.7039090191335,38.3674878951866,41.0720148675856,16.41,15.96,17.32
340000,安徽省,2006,11.57,22.33,19.74,39.84,36.24,18.47,18.26,18.76
340000,安徽省,2005,22.5097902448236,23.539197167247,22.871458757239,36.5866797257591,30.2754569190601,17.6202665296921,18.5500400320256,15.9561340657591
340000,安徽省,2004,23.7579039188201,24.5738600127551,23.007229549139,32.3239517518667,25.2706382978723,16.54,17.82,14.22
340000,安徽省,2003,,,,,,,,
340000,安徽省,2002,,,,,,,,
340000,安徽省,2001,,,,,,,,
340000,安徽省,2000,,,,,,,,
350000,福建省,2019,18.79,13.04,12.3,,,16.66,,
350000,福建省,2018,18.68,12.64,12.39,,,16.12,,
350000,福建省,2017,18.19,12.17,12.56,,,15.95,,
350000,福建省,2016,18.0016756073,11.6891354301,12.5881921307,,,15.79,,
350000,福建省,2015,17.7428121308,11.5700301128,12.4105185978,,,16.9946339504,,
350000,福建省,2014,17.3048998727,11.4948893631,12.3534355792,,,17.3762382728,,
350000,福建省,2013,16.8190497766846,11.4294878405973,12.7221425526142,,,17.31,,
350000,福建省,2012,16.42,11.59,13.27,,,17.2,,
350000,福建省,2011,15.8420595222001,11.8335906743699,13.5468257756563,,32.2300208087284,17.1883409090909,17.1863370372806,17.21
350000,福建省,2010,15.25,12.84,13.55,,22.61,17.43,17.55,17.17
350000,福建省,2009,15.2928262075916,14.2309293485912,13.7386461338581,,28.3242275706339,17.07,17.37,16.49
350000,福建省,2008,15.4132225735436,15.3224225237999,14.2549732538882,,25.044724200762,17.08,17.28,16.66
350000,福建省,2007,16.0517926058504,15.8474082347566,14.8904330157757,,25.1297748123436,16.6,17.36,13.2
350000,福建省,2006,13.1,16.76,16.99,,26.38,17.33,17.79,16.56
350000,福建省,2005,16.4160754512961,17.8741452279224,16.1590187080833,,25.0986154115791,16.5276065956029,16.8021561426371,15.8779086066723
350000,福建省,2004,16.7840923714042,18.7207534267239,16.439698993322,,22.6777823846473,15.36,16.38,12.71
350000,福建省,2003,,,,,,,,
350000,福建省,2002,,,,,,,,
350000,福建省,2001,,,,,,,,
350000,福建省,2000,,,,,,,,
360000,江西省,2019,17.25,16.11,17.45,,,18.41,,
360000,江西省,2018,17.95,16.07,17.26,,,18.06,,
360000,江西省,2017,18.63,15.85,17.35,,,18.03,,
360000,江西省,2016,19.2899512231,15.0820944844,17.1962829889,,,17.29,,
360000,江西省,2015,19.5600122275,14.6111124916,17.4792873805,,,18.0655677916,,
360000,江西省,2014,19.6350336853,14.4171465289,17.6708791531,,,18.0494086706,,
360000,江西省,2013,19.7008298214363,14.4412057654157,17.6183031228648,,,17.74,,
360000,江西省,2012,21.13,15.85,17.35,,,17.37,,
360000,江西省,2011,21.2499265598684,16.3636889203736,16.4659016875775,27.9175170068027,42.5420494699647,16.8473851571062,17.0362187414125,16.5
360000,江西省,2010,21.0,16.61,15.78,30.34,30.18,17.14,17.32,16.84
360000,江西省,2009,20.9840316488055,16.0463822678979,16.2570508503115,28.3836394482555,28.9887866108787,16.57,17.1,15.8
360000,江西省,2008,21.4099037903083,15.4077513085077,16.7669712793734,25.3219611551611,42.5135034457068,16.34,16.96,15.45
360000,江西省,2007,21.0848427314088,15.0999191118301,17.2453592421274,26.7245847918373,47.337783171521,17.66,17.85,17.23
360000,江西省,2006,21.78,15.82,23.18,26.96,51.19,18.91,18.06,20.38
360000,江西省,2005,19.8547476793947,17.2616567651673,18.2369590894449,25.4230879678377,66.7357671687516,15.4045561464512,16.8609401919764,12.9949097325913
360000,江西省,2004,19.869197487357,18.6971390848844,18.3274689024809,22.2215760740565,46.273038376925,15.16,17.87,11.34
360000,江西省,2003,,,,,,,,
360000,江西省,2002,,,,,,,,
360000,江西省,2001,,,,,,,,
360000,江西省,2000,,,,,,,,
370000,山东省,2019,16.68,12.32,11.7,,,18.52,,
370000,山东省,2018,16.86,12.26,11.9,,,18.02,,
370000,山东省,2017,16.79,11.94,12.31,,,17.99,,
370000,山东省,2016,16.9085056842,11.7948364695,12.8437565089,,,17.98,,
370000,山东省,2015,17.0201883099,11.7354238248,13.5069843222,,,18.096535641,,
370000,山东省,2014,16.6668654261,11.8651916626,14.0828612073,,,17.7651704789,,
370000,山东省,2013,16.1622154748626,12.0753885823438,14.3267681138718,,,17.31,,
370000,山东省,2012,16.41,12.54,14.28,,,17.08,,
370000,山东省,2011,16.6737651444548,13.1072710218621,13.7904731677643,18.2066570678411,26.1648338654369,17.0603291006629,16.8817629589633,17.43
370000,山东省,2010,16.24,13.37,13.69,18.31,20.8,16.94,16.67,17.46
370000,山东省,2009,16.073668716439,13.1508638432272,13.9855337590025,19.6647547299033,20.7739249980906,16.8,16.37,17.6
370000,山东省,2008,16.3155916763971,13.06856089081,14.9980400890869,20.7135390603281,26.1968390804598,16.48,16.28,16.87
370000,山东省,2007,16.3979841765359,13.0742000093158,16.2912534294619,21.0257682597719,27.3050744914165,18.3,18.32,18.27
370000,山东省,2006,20.45,13.85,17.92,20.58,28.02,17.07,16.63,17.74
370000,山东省,2005,16.2913173200893,14.7139448893513,18.188894851771,19.3921493902439,29.8753383088657,16.5676982307647,17.2929273127274,15.0640834575261
370000,山东省,2004,16.5737012035597,15.866875379149,18.4888832397974,18.5211151162406,28.661028893587,15.76,17.47,12.25
370000,山东省,2003,,,,,,,,
370000,山东省,2002,,,,,,,,
370000,山东省,2001,,,,,,,,
370000,山东省,2000,,,,,,,,
410000,河南省,2019,17.91,14.32,15.61,,,18.3,,
410000,河南省,2018,18.18,14.38,16.02,,,18.43,,
410000,河南省,2017,18.63,14.35,16.48,,,18.32,,
410000,河南省,2016,19.0778573136,14.5167745404,16.9341455551,,,18.02,,
410000,河南省,2015,18.7076367455,14.1568792709,17.0392153424,,,18.4176090394,,
410000,河南省,2014,18.7963973921,14.0887317832,17.1133451909,,,17.9785124831,,
410000,河南省,2013,19.0080604228385,13.7546098834759,17.5111370219224,,,17.7,,
410000,河南省,2012,21.72,16.07,17.94,,,17.64,,
410000,河南省,2011,22.0420149085159,16.5830858746572,18.1714866523473,23.6617017954723,42.1273800109496,17.8336609443935,18.1337442810743,17.34
410000,河南省,2010,21.83,16.97,18.42,24.48,29.56,17.63,18.01,17.01
410000,河南省,2009,21.5077084427944,17.0563855421687,19.1882218301464,25.7600745914852,29.4869174161897,17.79,18.04,17.4
410000,河南省,2008,21.3604766654028,17.5304357270868,20.1837446195197,24.9794692209977,42.2061574979056,18.05,18.01,18.13
410000,河南省,2007,21.08994491014,18.0532358227015,21.7161605948259,24.0771443133828,41.5035929864904,17.92,17.51,18.59
410000,河南省,2006,20.85,19.0,21.94,22.4,43.25,18.4,17.86,19.17
410000,河南省,2005,20.7532717434507,19.7159328596864,22.4166924486542,21.4982403660039,43.6980943738657,17.0324810227727,17.4370487875943,16.3806269886808
410000,河南省,2004,21.1925918340477,20.4058883206692,22.2152946906965,20.4023356479394,38.3975481611208,16.07,17.26,14.02
410000,河南省,2003,,,,,,,,
410000,河南省,2002,,,,,,,,
410000,河南省,2001,,,,,,,,
410000,河南省,2000,,,,,,,,
420000,湖北省,2019,18.07,12.42,12.74,,,18.08,,
420000,湖北省,2018,18.01,12.24,12.48,,,18.17,,
420000,湖北省,2017,17.44,11.53,12.43,,,17.44,,
420000,湖北省,2016,17.1341441682,10.954605635,12.702020202,,,16.84,,
420000,湖北省,2015,16.7772209954,10.396489625,13.0708178522,,,17.5284028243,,
420000,湖北省,2014,16.1247464503,10.2964858716,13.4891084168,,,17.8761466069,,
420000,湖北省,2013,16.7004772176886,10.9434282342528,14.1720305194619,,,17.96,,
420000,湖北省,2012,17.04,11.16,15.16,,,17.76,,
420000,湖北省,2011,19.3658025876182,13.2259762143945,16.3696606058907,25.7902669329944,29.0869771863118,17.5343304982566,17.6247625365618,17.31
420000,湖北省,2010,18.64,13.91,17.4,30.06,32.18,17.82,17.71,18.13
420000,湖北省,2009,18.1273790542313,14.7100807907284,18.1770165277582,29.0488352511928,36.8542323041378,17.51,17.24,18.22
420000,湖北省,2008,17.917241105306,15.9548233488814,18.8285478265824,31.7231399667051,36.7013152528548,17.3,17.15,17.72
420000,湖北省,2007,18.0744366736783,17.0491718086409,19.1136402877698,33.1275898242853,33.8422807784824,17.81,17.94,17.6
420000,湖北省,2006,18.69,17.97,19.79,28.87,33.68,17.79,17.33,18.56
420000,湖北省,2005,19.8981005410468,18.7738626226583,20.0904350255304,24.00756260848,30.0195797516714,17.5055484421682,18.000517638533,16.4186416595624
420000,湖北省,2004,21.4170082475435,19.629888676882,19.8454271223522,22.3020315385708,25.6590630596663,16.86,17.67,14.72
420000,湖北省,2003,,,,,,,,
420000,湖北省,2002,,,,,,,,
420000,湖北省,2001,,,,,,,,
420000,湖北省,2000,,,,,,,,
430000,湖南省,2019,18.42,13.65,14.48,,,18.01,,
430000,湖南省,2018,19.01,13.71,14.7,,,18.18,,
430000,湖南省,2017,19.24,13.38,15.12,,,18.37,,
430000,湖南省,2016,19.778301106,13.2946378464,15.3552312783,,,17.75,,
430000,湖南省,2015,19.623860466,13.2204238119,15.3441494452,,,18.9885652502,,
430000,湖南省,2014,19.0973770545,12.9720843818,15.4400151916,,,18.9466419887,,
430000,湖南省,2013,18.9955943201244,12.6764926852065,15.4411747256007,,,18.57,,
430000,湖南省,2012,19.19,12.33,15.3,,,18.64,,
430000,湖南省,2011,19.5862910603077,12.4804693584396,15.0079050213169,21.0106198107743,59.1203051643192,18.4181233674905,18.297238218357,18.61
430000,湖南省,2010,19.16,12.45,15.02,22.02,31.54,18.01,18.05,17.95
430000,湖南省,2009,18.738521758233,12.306391700492,15.2797478895078,24.5475614763447,32.775468975469,18.07,17.96,18.22
430000,湖南省,2008,18.3208620903253,12.3445621509586,16.4645557590866,24.0696040005406,48.7697694776773,17.68,17.59,17.82
430000,湖南省,2007,17.7941470595294,12.5583587001696,17.8091053986677,24.066367154486,54.5116160326781,17.56,17.34,17.96
430000,湖南省,2006,17.34,13.54,18.78,22.26,57.49,18.66,17.75,19.78
430000,湖南省,2005,17.0585505785984,15.3916978162502,19.2979480124115,22.0946803039826,53.8991876692356,16.8363477928206,18.307432184077,14.81960191484
430000,湖南省,2004,17.4175320622521,17.7723859186406,19.0909863536505,20.4423500029732,45.8437150317046,16.97,18.36,14.74
430000,湖南省,2003,,,,,,,,
430000,湖南省,2002,,,,,,,,
430000,湖南省,2001,,,,,,,,
430000,湖南省,2000,,,,,,,,
440000,广东省,2019,18.68,13.34,12.35,,,17.37,,
440000,广东省,2018,18.64,13.0,12.25,,,17.42,,
440000,广东省,2017,18.55,12.73,12.5,,,17.68,,
440000,广东省,2016,18.6038291908,12.6105366957,13.0182769174,,,17.82,,
440000,广东省,2015,18.5416915631,12.8837472397,13.615400932,,,18.6359227231,,
440000,广东省,2014,18.3089086816,13.5273113091,14.4255768025,,,18.9387445662,,
440000,广东省,2013,18.4658059296234,14.6251531015944,15.2288886125618,,,19.09,,
440000,广东省,2012,18.69,16.18,15.93,,,18.82,,
440000,广东省,2011,19.0092681020509,17.8747089639115,16.0754346811366,22.7807535641548,36.7799309564561,18.8788589709411,18.9090582901132,18.83
440000,广东省,2010,19.7,18.77,16.71,24.08,27.66,18.83,19.05,18.43
440000,广东省,2009,21.2199105450251,19.6309481585994,16.2330513121157,21.4856784444909,32.0050574084199,18.64,18.91,18.15
440000,广东省,2008,22.9586085720869,20.1279314680283,16.4211981317023,19.6111592945938,29.7737784113408,18.68,18.39,19.25
440000,广东省,2007,24.5522474485487,20.2577905108662,16.6689448499202,19.9460391520438,27.6923205272598,17.44,17.53,17.35
440000,广东省,2006,20.28,20.78,17.89,19.42,26.75,18.15,18.1,18.25
440000,广东省,2005,26.4231546416261,20.9156511047626,17.3080890809605,19.1863249462164,23.0167803697183,17.3659585184652,17.8925309980986,16.2885479452055
440000,广东省,2004,26.4730520798916,21.0425622542595,17.4315146687907,17.6877676410352,21.1301266411061,16.24,16.66,15.31
440000,广东省,2003,,,,,,,,
440000,广东省,2002,,,,,,,,
440000,广东省,2001,,,,,,,,
440000,广东省,2000,,,,,,,,
450000,广西壮族自治区,2019,18.53,15.48,17.29,,,19.56,,
450000,广西壮族自治区,2018,18.5,15.48,17.4,,,18.37,,
450000,广西壮族自治区,2017,18.77,15.68,17.41,,,17.78,,
450000,广西壮族自治区,2016,19.4098078676,16.1029596442,17.2182686903,,,17.78,,
450000,广西壮族自治区,2015,19.8278849533,16.495210406,17.0646324877,,,18.1053391932,,
450000,广西壮族自治区,2014,19.8704299368,16.5599422775,17.3342225531,,,17.8655536048,,
450000,广西壮族自治区,2013,19.7737347497333,16.6793009396616,17.5153576317591,,,17.69,,
450000,广西壮族自治区,2012,19.64,16.74,17.86,,,17.8,,
450000,广西壮族自治区,2011,19.5006644836893,16.8415151616799,17.9609928254661,,40.8774578822159,17.452978633828,17.532139362743,17.33
450000,广西壮族自治区,2010,19.53,16.88,17.9,,24.39,17.42,17.29,17.62
450000,广西壮族自治区,2009,19.7786869656572,17.4683569996871,18.1593776384031,,30.0207298847804,17.4,17.08,17.89
450000,广西壮族自治区,2008,20.4001018152466,18.0408668783357,18.5491877588023,,26.9683655536028,17.26,16.96,17.68
450000,广西壮族自治区,2007,20.9641442384763,18.8361407972858,18.9311426062962,,26.2337178084916,16.59,17.33,15.57
450000,广西壮族自治区,2006,13.41,19.69,19.46,,24.51,17.19,16.87,17.7
450000,广西壮族自治区,2005,22.110123640057,19.971322652122,19.848619819002,21.6108813646937,24.3978123200921,17.0008862629247,17.2058003832085,16.7343679202537
450000,广西壮族自治区,2004,23.4638985569396,20.7871390217878,19.9069270021695,19.9327782917052,22.6582519345427,16.06,16.06,16.05
450000,广西壮族自治区,2003,,,,,,,,
450000,广西壮族自治区,2002,,,,,,,,
450000,广西壮族自治区,2001,,,,,,,,
450000,广西壮族自治区,2000,,,,,,,,
460000,海南省,2019,16.26,13.67,12.7,,,17.92,,
460000,海南省,2018,16.4,13.44,12.66,,,17.7,,
460000,海南省,2017,16.26,12.85,12.84,,,18.18,,
460000,海南省,2016,16.175152874,12.5081523839,13.2837372948,,,18.62,,
460000,海南省,2015,15.5420083615,12.7887778512,13.6723262456,,,19.3593225218,,
460000,海南省,2014,14.9863207359,13.3339920949,14.4644378892,,,19.2636768694,,
460000,海南省,2013,14.6671620496968,13.7250168203586,15.6454910870325,,,19.1,,
460000,海南省,2012,14.68,14.54,16.12,,,19.34,,
460000,海南省,2011,14.842467479596,15.6308556405354,17.0835276229093,22.7480183562787,54.096018735363,18.7974851091992,18.8991498583097,18.61
460000,海南省,2010,14.99,16.82,16.89,23.04,50.05,18.47,18.6,18.22
460000,海南省,2009,15.9260617170791,18.0064620355412,17.0972801052862,26.0284453163315,45.5853146853147,18.91,18.83,19.05
460000,海南省,2008,17.2385598539313,19.2375974780156,17.5123331070378,19.622591006424,49.3607907742998,19.33,19.56,18.92
460000,海南省,2007,18.7866462890438,20.5011876484561,17.5489632026849,20.2038258575198,50.8510242085661,17.03,16.64,17.61
460000,海南省,2006,22.24,21.56,19.44,11.75,46.04,19.07,18.47,19.9
460000,海南省,2005,20.8848175817226,22.1339853765075,17.9309559939302,10.6570743405276,41.4688832054561,15.8141256502601,18.6459744168548,12.5974358974359
460000,海南省,2004,19.993514009739,21.0818129441137,18.3009985734665,9.69400244798042,33.1644374508261,16.0,18.71,12.43
460000,海南省,2003,,,,,,,,
460000,海南省,2002,,,,,,,,
460000,海南省,2001,,,,,,,,
460000,海南省,2000,,,,,,,,
500000,重庆市,2019,16.02,13.74,15.46,,,18.64,,
500000,重庆市,2018,16.56,13.43,15.46,,,17.64,,
500000,重庆市,2017,16.76,13.0,15.26,,,17.94,,
500000,重庆市,2016,17.0493150017,12.8238550378,15.2132524381,,,17.16,,
500000,重庆市,2015,17.437950495,12.7108767007,15.9165070365,,,17.6021281083,,
500000,重庆市,2014,17.4816517704,12.9377278732,16.8833385449,,,17.3935192976,,
500000,重庆市,2013,17.2661365924794,13.3573810086372,17.5442729057244,,,17.6,,
500000,重庆市,2012,17.04,14.29,18.13,,,17.53,,
500000,重庆市,2011,16.9478685312503,15.5141233364183,18.9495822866156,26.5300195779856,43.3170826833073,17.4338113840749,17.8998549161118,16.33
500000,重庆市,2010,17.23,16.63,19.45,28.57,36.21,17.51,17.95,16.38
500000,重庆市,2009,17.7197939724161,17.3728924409099,19.6717841358455,31.9488437281009,39.7267813267813,17.46,17.8,16.51
500000,重庆市,2008,18.8309597938923,18.2183174594609,19.2308090391582,28.1805078929307,54.0869358669834,17.43,17.73,16.58
500000,重庆市,2007,19.899082875049,18.291282906161,18.6063546833441,29.2660476382721,52.5343811394892,17.66,18.08,16.75
500000,重庆市,2006,22.19,18.78,18.6,22.94,56.53,18.2,17.95,18.77
500000,重庆市,2005,22.8273008764411,18.3756264837774,18.6772716691239,20.9342584805158,41.5272181740249,17.625571887472,18.710019990005,13.8001322168356
500000,重庆市,2004,23.8494039839659,18.4533758748456,18.810196534674,23.0511322132944,37.9348323170732,17.01,18.12,11.72
500000,重庆市,2003,,,,,,,,
500000,重庆市,2002,,,,,,,,
500000,重庆市,2001,,,,,,,,
500000,重庆市,2000,,,,,,,,
510000,四川省,2019,16.45,12.93,13.82,,,19.56,,
510000,四川省,2018,16.84,12.78,13.94,,,19.33,,
510000,四川省,2017,16.98,12.37,14.5,,,19.37,,
510000,四川省,2016,17.4781460914,12.3359719444,15.0413561577,,,17.84,,
510000,四川省,2015,17.5854398021,12.3916673372,15.5892211633,,,17.9502952273,,
510000,四川省,2014,17.4255040028,12.8607593046,16.1760062541,,,18.0095830306,,
510000,四川省,2013,17.2094536007251,13.4073372313917,16.8514850384598,,,18.33,,
510000,四川省,2012,18.39,14.92,17.54,,,18.36,,
510000,四川省,2011,18.9782820744465,16.0902323794135,18.2682316837425,25.9414002668116,35.3904364748401,18.3116628422008,18.4008003408859,18.09
510000,四川省,2010,19.37,16.82,18.21,31.98,33.59,18.05,18.06,18.03
510000,四川省,2009,20.1302034398163,17.5682462955824,18.6218347862183,30.5676318195672,32.0007887323944,18.02,17.9,18.32
510000,四川省,2008,21.0870820021645,18.5997219543225,17.8616560767537,30.1487723284731,33.4412233195285,18.21,18.01,18.7
510000,四川省,2007,22.7513596320746,19.0476840305554,17.9873379292897,27.4022965485012,33.1881903143585,18.11,17.8,18.72
510000,四川省,2006,23.52,18.96,18.68,26.65,31.55,18.21,17.84,19.01
510000,四川省,2005,23.2653550973095,18.6066517257795,19.1218235554082,21.3950322253603,31.2214044506018,18.6002083604636,19.1985899280576,16.7639526669022
510000,四川省,2004,23.9194453464961,19.3356545514744,19.489037364754,20.6051020408163,28.525527831094,17.39,18.65,13.03
510000,四川省,2003,,,,,,,,
510000,四川省,2002,,,,,,,,
510000,四川省,2001,,,,,,,,
510000,四川省,2000,,,,,,,,
520000,贵州省,2019,18.27,13.98,14.57,,,19.34,,
520000,贵州省,2018,17.89,14.1,15.13,,,18.22,,
520000,贵州省,2017,17.92,14.35,15.77,,,17.89,,
520000,贵州省,2016,17.9315112981,14.8816337128,16.2820743896,,,18.02,,
520000,贵州省,2015,17.8961144328,16.0070101959,17.4182355244,,,17.9086952642,,
520000,贵州省,2014,17.9572517501,17.2903705809,18.0016423183,,,17.926781611,,
520000,贵州省,2013,18.4259016444419,18.2325458407387,18.2496593135167,,,18.15,,
520000,贵州省,2012,19.2,18.31,18.59,,,18.19,,
520000,贵州省,2011,20.7382365774706,19.2317739019366,19.0222234491897,28.3500186776242,41.8971291866029,17.4691306173877,17.1202116935484,18.17
520000,贵州省,2010,21.9,19.51,18.75,29.87,31.52,17.27,16.89,18.08
520000,贵州省,2009,22.9365878637877,19.5841744756185,18.5147550377232,33.6511281396339,31.5307724957555,17.32,16.73,18.61
520000,贵州省,2008,23.4867315922089,19.5347636974346,18.5622110685511,32.8464513193813,43.3330376940133,17.26,16.42,18.84
520000,贵州省,2007,24.288305180972,19.7465122349734,18.6776500376377,33.403058438012,41.3777731268313,17.16,16.09,19.44
520000,贵州省,2006,25.13,20.26,18.88,31.32,40.75,18.39,17.04,21.55
520000,贵州省,2005,25.7930683420533,21.1140058568111,19.3148061471254,19.127967806841,32.0288990825688,15.8537799587512,17.6596988087211,12.7414294015108
520000,贵州省,2004,26.5169724491546,21.9404486586494,19.7452419067947,12.9397701149425,26.3759619737438,14.39,16.18,10.99
520000,贵州省,2003,,,,,,,,
520000,贵州省,2002,,,,,,,,
520000,贵州省,2001,,,,,,,,
520000,贵州省,2000,,,,,,,,
530000,云南省,2019,16.69,13.79,14.55,,,21.34,,
530000,云南省,2018,16.62,14.07,14.62,,,20.44,,
530000,云南省,2017,16.51,14.52,14.74,,,19.35,,
530000,云南省,2016,16.5875857756,14.8056372317,14.9573828306,,,18.8,,
530000,云南省,2015,16.8024284475,15.2939818179,15.2029092463,,,19.110784405,,
530000,云南省,2014,16.9428221044,15.4862677263,15.5265082636,,,18.8378295449,,
530000,云南省,2013,17.0305881330901,15.37984,15.5953473617426,,,18.19,,
530000,云南省,2012,17.4,16.18,15.6,,,18.5,,
530000,云南省,2011,18.0647177093006,17.2101520969933,15.3788517526494,26.2377373036523,39.7449248615871,18.4854516697007,18.1226988382484,19.23
530000,云南省,2010,18.32,17.32,15.37,28.35,34.38,17.76,17.77,17.76
530000,云南省,2009,18.9958470730633,17.6486098002373,15.3914367700362,24.0487884385526,29.6325406422142,17.07,17.16,16.89
530000,云南省,2008,19.8874137436892,18.1657185682811,15.5364177856732,23.1882067851373,28.950634696756,16.63,16.83,16.2
530000,云南省,2007,20.3576047710575,18.3422992964014,15.6694574317712,21.0844554689346,29.5693650793651,16.42,16.75,15.66
530000,云南省,2006,20.37,18.32,16.02,18.8,28.29,17.6,17.91,16.94
530000,云南省,2005,20.1256499844916,18.809942862724,16.2316532258065,16.7292050446365,24.7498806682578,16.0707294336984,17.811394891945,12.3364485981308
530000,云南省,2004,20.1237709447456,19.494249545754,16.7394321263359,16.1035100821509,24.0224572823434,15.97,18.45,10.36
530000,云南省,2003,,,,,,,,
530000,云南省,2002,,,,,,,,
530000,云南省,2001,,,,,,,,
530000,云南省,2000,,,,,,,,
540000,西藏自治区,2019,14.72,11.72,11.4,,,15.48,,
540000,西藏自治区,2018,14.54,12.01,10.75,,,14.92,,
540000,西藏自治区,2017,15.43,12.4,11.33,,,15.49,,
540000,西藏自治区,2016,14.3659647126,11.9553722294,11.4136409228,,,15.35,,
540000,西藏自治区,2015,13.991862135,12.0980028824,12.3874759564,,,14.3504428044,,
540000,西藏自治区,2014,14.5626881137,13.0768016833,12.6434249375,,,13.9337444934,,
540000,西藏自治区,2013,15.6524901773389,13.9201986754967,13.715319039008,,,15.69,,
540000,西藏自治区,2012,15.49,14.5,13.07,,,16.17,,
540000,西藏自治区,2011,15.4492320595481,14.9513211270694,13.1477339611536,,32.6823529411765,15.5054671968191,14.0329896907216,19.35
540000,西藏自治区,2010,15.84,15.66,12.84,,32.1,13.99,13.82,14.45
540000,西藏自治区,2009,16.334956652039,16.3138885724052,14.1062109518559,,34.6672661870504,15.82,15.73,16.1
540000,西藏自治区,2008,17.240670094543,17.1470588235294,17.0111882716049,,41.8843813387424,15.92,16.59,14.05
540000,西藏自治区,2007,17.9974737551227,17.9149521687852,18.3922628951747,,40.4434782608696,15.65,16.79,12.47
540000,西藏自治区,2006,20.65,19.49,17.92,,34.02,14.11,15.42,10.67
540000,西藏自治区,2005,22.9548608677367,19.3832719115526,17.3475546305931,,9.29346314325452,14.1106719367589,14.0690021231423,14.6714285714286
540000,西藏自治区,2004,24.0229243203527,19.2418104966538,15.7851239669421,,12.5166163141994,12.51,12.58,11.42
540000,西藏自治区,2003,,,,,,,,
540000,西藏自治区,2002,,,,,,,,
540000,西藏自治区,2001,,,,,,,,
540000,西藏自治区,2000,,,,,,,,
610000,陕西省,2019,16.26,11.24,11.9,,,18.42,,
610000,陕西省,2018,16.18,11.02,12.59,,,17.69,,
610000,陕西省,2017,15.86,10.5,13.21,,,17.99,,
610000,陕西省,2016,15.4751441683,10.3119579294,13.6262462807,,,17.35,,
610000,陕西省,2015,14.9345813553,10.229655884,14.1020883703,,,17.8330731378,,
610000,陕西省,2014,14.2077800648,10.3981758958,14.9505305319,,,18.1741539728,,
610000,陕西省,2013,13.9600899036483,10.8759875118773,15.7926675094817,,,18.07,,
610000,陕西省,2012,14.06,11.68,16.75,,,18.19,,
610000,陕西省,2011,14.8292332072206,12.9843980109846,17.4801060529543,27.8113089659481,37.7155332098439,17.9155080375185,17.6591251012614,18.84
610000,陕西省,2010,14.9,14.1,17.72,29.5,24.72,17.26,17.16,17.6
610000,陕西省,2009,15.2221175414984,15.3939730332089,17.7893913698888,28.7026462395543,27.1191722762403,17.17,16.84,18.31
610000,陕西省,2008,15.8365985251357,16.6104377133179,18.1322214349999,27.9579407806191,42.4427873489329,17.01,16.8,17.74
610000,陕西省,2007,16.70091833388,17.4781012506219,19.3600225089433,28.4532111458799,37.4167071393881,16.39,16.76,15.55
610000,陕西省,2006,17.61,18.33,20.34,25.73,34.43,15.84,16.64,14.04
610000,陕西省,2005,18.2212822271276,18.6033485593206,20.550022675737,25.4629019328405,28.137303932712,15.5918491611901,17.3188992194674,10.8822286563894
610000,陕西省,2004,19.7261860450277,19.3138134177438,20.4509755798257,24.321810240684,19.0765550239234,15.55,17.55,10.93
610000,陕西省,2003,,,,,,,,
610000,陕西省,2002,,,,,,,,
610000,陕西省,2001,,,,,,,,
610000,陕西省,2000,,,,,,,,
620000,甘肃省,2019,13.08,10.88,11.49,,,17.94,,
620000,甘肃省,2018,13.24,10.88,12.01,,,17.4,,
620000,甘肃省,2017,13.07,10.57,12.72,,,17.19,,
620000,甘肃省,2016,12.909009092,10.6377907824,13.3790764183,,,17.28,,
620000,甘肃省,2015,12.8449330103,10.8429230714,14.0596238048,,,17.9426523549,,
620000,甘肃省,2014,12.8304550243,11.444388128,14.9546399762,,,18.1538636001,,
620000,甘肃省,2013,13.2983035879613,12.2817375634277,15.695118792531,,,18.38,,
620000,甘肃省,2012,14.71,13.99,16.43,,,18.99,,
620000,甘肃省,2011,15.572323172285,15.2185835050082,17.0260409918897,17.3168433451119,21.7897488467453,18.7342879225481,19.0876510709585,17.99
620000,甘肃省,2010,16.89,16.64,17.24,25.45,24.07,18.79,19.13,18.04
620000,甘肃省,2009,18.0469685495049,17.5422276926137,17.3018930041152,24.3798131692869,23.8882185168934,18.51,18.56,18.38
620000,甘肃省,2008,19.0253375869167,17.8767842307983,17.4038115077131,24.3175974710221,22.3272841051314,18.22,18.11,18.48
620000,甘肃省,2007,20.7534287526705,18.6662512135604,18.0672179875806,22.6415761555948,22.5541125541126,18.18,18.02,18.48
620000,甘肃省,2006,22.03,19.51,18.81,17.43,21.41,18.01,17.71,18.63
620000,甘肃省,2005,23.202161402007,19.6729108068362,19.4379098431009,13.5190124858116,19.5453446191052,17.4313644782877,18.9312577065351,14.4185758513932
620000,甘肃省,2004,24.5137696640124,19.9012478930715,19.6248330583707,11.7614788312463,17.7413936701832,15.43,16.24,13.1
620000,甘肃省,2003,,,,,,,,
620000,甘肃省,2002,,,,,,,,
620000,甘肃省,2001,,,,,,,,
620000,甘肃省,2000,,,,,,,,
630000,青海省,2019,17.6,13.49,12.64,,,16.54,,
630000,青海省,2018,17.68,13.62,13.03,,,15.75,,
630000,青海省,2017,17.02,12.8,13.62,,,15.64,,
630000,青海省,2016,17.339177522,12.8586358296,13.4824610557,,,15.26,,
630000,青海省,2015,17.1452849428,13.213798661,13.4612188366,,,15.6596121884,,
630000,青海省,2014,18.2786631779,13.8124185562,14.1874218555,,,15.3646036406,,
630000,青海省,2013,17.5961296062875,13.3377131137034,13.6350675337669,,,15.13,,
630000,青海省,2012,19.1,14.06,13.8,,,14.74,,
630000,青海省,2011,19.7654940726725,15.1764945652174,13.8809400155804,12.5866666666667,34.0294882914137,13.9767559373421,13.49306999307,15.28
630000,青海省,2010,19.52,15.32,14.27,76.11,32.06,14.0,13.29,16.12
630000,青海省,2009,19.9020303052922,15.5825235678028,14.3366586858207,16.2888888888889,31.8184982595724,13.48,12.54,16.39
630000,青海省,2008,19.7010396075847,15.1495723371591,14.3898868928809,56.0497512437811,27.135593220339,14.77,13.76,17.93
630000,青海省,2007,19.4571658792074,15.9598518948744,14.7924865831843,29.3507692307692,26.1370629370629,14.54,13.82,16.87
630000,青海省,2006,18.56,16.32,14.8,27.33,17.82,14.13,13.28,17.27
630000,青海省,2005,18.4457748016595,16.8441712338913,15.2961497488967,19.7611111111111,11.8605341246291,13.463213460904,13.6897274633124,12.6269349845201
630000,青海省,2004,18.417145731532,16.6399379203311,15.5980358956993,12.992125984252,9.50152284263959,10.79,11.04,9.94
630000,青海省,2003,,,,,,,,
630000,青海省,2002,,,,,,,,
630000,青海省,2001,,,,,,,,
630000,青海省,2000,,,,,,,,
640000,宁夏回族自治区,2019,17.04,14.46,13.55,,,17.96,,
640000,宁夏回族自治区,2018,16.86,14.19,13.06,,,17.26,,
640000,宁夏回族自治区,2017,16.98,13.84,13.65,,,17.21,,
640000,宁夏回族自治区,2016,17.085326533,13.915704154,14.2865870853,,,17.07,,
640000,宁夏回族自治区,2015,17.2753352873,14.1635086995,15.2597725318,,,16.7999190611,,
640000,宁夏回族自治区,2014,17.6482897143,14.5871593291,15.9152228927,,,17.0072456047,,
640000,宁夏回族自治区,2013,17.7043062761997,14.682031451405,16.514091545073,,,17.3,,
640000,宁夏回族自治区,2012,17.98,15.11,16.17,,,17.43,,
640000,宁夏回族自治区,2011,19.3210091605346,15.8991297888146,15.8098035027766,26.1156787762906,65.1760797342193,18.1892374015163,17.1036165964056,20.4
640000,宁夏回族自治区,2010,19.68,16.5,16.07,32.27,34.23,17.46,16.49,19.59
640000,宁夏回族自治区,2009,20.0748667903969,16.3748014242673,16.4391070593735,32.6789328426863,31.419595314164,17.55,16.46,20.09
640000,宁夏回族自治区,2008,20.9783118584179,17.8394616678683,16.7021302495435,33.4487562189055,43.0569832402235,17.38,16.18,20.13
640000,宁夏回族自治区,2007,21.229951222468,17.6108530921535,17.6338449531738,27.6860986547085,47.2834645669291,16.98,15.81,19.08
640000,宁夏回族自治区,2006,21.05,18.51,17.43,23.07,45.02,17.27,16.44,18.84
640000,宁夏回族自治区,2005,20.5333827014218,18.434295701709,17.9733562526859,22.3956931359354,54.0553797468354,13.010752688172,14.0074543421543,11.3341692789969
640000,宁夏回族自治区,2004,19.9905023154293,17.6350119594027,18.0497093912511,19.7879656160458,36.9842519685039,12.42,15.36,8.27
640000,宁夏回族自治区,2003,,,,,,,,
640000,宁夏回族自治区,2002,,,,,,,,
640000,宁夏回族自治区,2001,,,,,,,,
640000,宁夏回族自治区,2000,,,,,,,,
650000,新疆维吾尔自治区,2019,15.57,10.96,11.94,,,19.62,,
650000,新疆维吾尔自治区,2018,15.3,10.75,12.29,,,19.01,,
650000,新疆维吾尔自治区,2017,14.91,10.49,12.75,,,18.18,,
650000,新疆维吾尔自治区,2016,14.7507086991,10.5388139686,13.0995347251,,,17.4,,
650000,新疆维吾尔自治区,2015,14.1529077759,10.5820476041,12.807958433,,,18.2188496095,,
650000,新疆维吾尔自治区,2014,13.3934457871,10.4685647999,12.2541821069,,,17.719756081,,
650000,新疆维吾尔自治区,2013,13.4774297280184,10.6663995633441,12.7795545402627,,,17.35,,
650000,新疆维吾尔自治区,2012,13.96,10.98,13.61,,,16.87,,
650000,新疆维吾尔自治区,2011,14.1990575668358,11.4562955315979,13.8436240322477,26.9330376940133,22.4212205270458,16.6531712527338,15.9957983193277,17.72
650000,新疆维吾尔自治区,2010,14.45,11.98,13.86,22.75,17.62,16.63,16.17,17.4
650000,新疆维吾尔自治区,2009,14.7016676225021,12.6190692534381,14.187436228828,22.5055532702592,17.0545514295104,16.25,16.15,16.42
650000,新疆维吾尔自治区,2008,15.1509747961174,13.3116108708153,14.571115364538,16.0908739365816,28.0087344359784,16.4,16.41,16.37
650000,新疆维吾尔自治区,2007,15.4078098573631,13.899977573447,14.7819806936003,14.1764180437695,25.4208535926526,16.42,16.95,15.5
650000,新疆维吾尔自治区,2006,15.57,14.6,15.0,9.06,24.92,16.69,16.74,16.59
650000,新疆维吾尔自治区,2005,15.9075819185563,15.5825099006687,15.4161730211108,11.5208333333333,17.3731223713198,14.6883999113933,16.2885199652778,11.2803327940837
650000,新疆维吾尔自治区,2004,16.4407886447022,16.6904775124931,15.7458459380069,9.72381985892567,12.982162358937,13.84,15.26,10.04
650000,新疆维吾尔自治区,2003,,,,,,,,
650000,新疆维吾尔自治区,2002,,,,,,,,
650000,新疆维吾尔自治区,2001,,,,,,,,
650000,新疆维吾尔自治区,2000,,,,,,,,
