省份编码,省份,年份,普通高等学校教职工总数(万人),普通高等学校校本部教职工数(万人),普通高等学校专任教师数(万人),普通高等学校正高级专任教师数(万人),普通高等学校副高级专任教师数(万人),普通高等学校中级专任教师数(万人),普通高等学校初级专任教师数(万人),普通高等学校无职称专任教师数(万人),普通高等学校校本部行政人员数(万人),普通高等学校校本部教辅人员数(万人),普通高等学校校本部工勤人员数(万人)
110000,北京市,2019,14.5308,12.8965,7.1997,2.1112,2.5757,2.1043,0.1969,0.2116,2.6125,1.7689,1.3154
110000,北京市,2018,14.3255,12.4992,7.1095,2.0378,2.5302,2.1184,0.2072,0.2159,2.5265,1.696,1.1672
110000,北京市,2017,14.2197,12.3789,6.9715,1.9697,2.467,2.1569,0.2159,0.162,2.4023,1.7572,1.2479
110000,北京市,2016,14.2953,12.4205,7.0013,1.9944,2.4245,2.1789,0.242,0.1615,2.3257,1.8102,1.2833
110000,北京市,2015,14.244,12.3971,6.8739,1.7915,2.4699,2.1917,0.2426,0.1782,2.2918,1.8652,1.3662
110000,北京市,2014,14.2267,12.3273,6.838,1.7433,2.4182,2.2226,0.2709,0.183,2.3047,1.7872,1.3974
110000,北京市,2013,13.9305,12.1783,6.6871,1.6611,2.3257,2.2362,0.2786,0.1855,2.2617,1.7721,1.4574
110000,北京市,2012,13.8776,11.3977,6.0852,1.3091,2.1089,2.2064,0.2865,0.1743,2.2355,1.6972,1.3798
110000,北京市,2011,13.1583,11.3055,5.9592,1.234,2.0173,2.2213,0.3109,0.1757,2.1362,1.6582,1.5519
110000,北京市,2010,13.3874,11.4886,5.9248,1.1869,1.9663,2.2151,0.3394,0.2171,2.2232,1.6967,1.6439
110000,北京市,2009,13.1184,11.1784,5.8007,1.1424,1.9113,2.1513,0.4109,0.1848,2.1988,1.6495,1.5294
110000,北京市,2008,12.9237,10.6212,5.5909,1.0816,1.8275,2.0198,0.4424,0.2196,2.1589,1.3267,1.5447
110000,北京市,2007,12.4799,,5.4586,1.046,1.776,1.9003,0.4948,0.2415,,,
110000,北京市,2006,11.8927,,5.1558,0.9615,1.7051,1.7345,0.4995,0.2552,,,
110000,北京市,2005,11.4253,,4.8815,,,,,,,,
110000,北京市,2004,10.8284,,4.3476,,,,,,,,
110000,北京市,2003,10.8843,,4.1904,,,,,,,,
110000,北京市,2002,9.8342,,3.467,,,,,,,,
110000,北京市,2001,10.4707,,3.552,,,,,,,,
110000,北京市,2000,10.5154,,3.4863,,,,,,,,
120000,天津市,2019,4.8319,4.7671,3.2651,0.5053,1.0573,1.3062,0.2293,0.167,0.882,0.459,0.161
120000,天津市,2018,4.7468,4.6782,3.1362,0.4948,1.035,1.2699,0.1816,0.1549,0.8716,0.468,0.2024
120000,天津市,2017,4.7143,4.5731,3.106,0.481,1.0134,1.2424,0.214,0.1552,0.7946,0.4461,0.2264
120000,天津市,2016,4.6233,4.5365,3.0509,0.4748,0.9751,1.2198,0.2475,0.1337,0.7727,0.4624,0.2505
120000,天津市,2015,4.7077,4.6136,3.1128,0.4762,1.0059,1.2067,0.2892,0.1348,0.7718,0.4447,0.2843
120000,天津市,2014,4.7043,4.6026,3.1008,0.4599,1.002,1.213,0.3014,0.1245,0.7505,0.4444,0.3069
120000,天津市,2013,4.7123,4.5855,3.09,0.4469,0.9854,1.2143,0.3374,0.106,0.7294,0.4373,0.3288
120000,天津市,2012,4.6513,4.5189,2.9929,0.4405,0.9673,1.1594,0.3423,0.0834,0.7281,0.4432,0.3547
120000,天津市,2011,4.5894,4.4208,2.8919,0.4275,0.9446,1.0704,0.3518,0.0976,0.7042,0.451,0.3737
120000,天津市,2010,4.5194,4.3155,2.8094,0.399,0.919,1.0126,0.3957,0.0831,0.6739,0.4354,0.3968
120000,天津市,2009,4.4611,4.236,2.7118,0.3865,0.8832,0.9385,0.416,0.0876,0.6737,0.4361,0.4144
120000,天津市,2008,4.3294,4.0901,2.6121,0.3522,0.8316,0.859,0.4774,0.0919,0.6464,0.4219,0.4097
120000,天津市,2007,4.2391,,2.5166,0.3381,0.809,0.786,0.4822,0.1013,,,
120000,天津市,2006,4.2229,,2.4464,0.3279,0.8001,0.7453,0.4887,0.0844,,,
120000,天津市,2005,3.9434,,2.167,,,,,,,,
120000,天津市,2004,3.64,,1.8973,,,,,,,,
120000,天津市,2003,3.3371,,1.5553,,,,,,,,
120000,天津市,2002,3.2019,,1.4175,,,,,,,,
120000,天津市,2001,3.0023,,1.2622,,,,,,,,
120000,天津市,2000,2.5952,,1.0137,,,,,,,,
130000,河北省,2019,11.1965,11.0173,7.9147,1.0779,2.3926,3.1323,0.6594,0.6525,1.5217,0.9581,0.6228
130000,河北省,2018,10.8248,10.6309,7.5454,1.0432,2.2847,3.0048,0.6476,0.5651,1.481,0.9279,0.6766
130000,河北省,2017,10.5505,10.3101,7.289,1.0132,2.2206,2.9121,0.6388,0.5043,1.406,0.9278,0.6873
130000,河北省,2016,10.3789,10.0884,7.0447,0.9979,2.1327,2.8312,0.7314,0.3515,1.411,0.9134,0.7193
130000,河北省,2015,10.2778,9.9735,6.9397,0.9863,2.0865,2.7734,0.7707,0.3228,1.4132,0.8848,0.7358
130000,河北省,2014,10.2294,9.9198,6.8578,0.9617,2.0342,2.6946,0.8255,0.3418,1.3854,0.8935,0.7831
130000,河北省,2013,10.1072,9.7669,6.6825,0.91,1.9514,2.6186,0.8723,0.3302,1.3889,0.8698,0.8257
130000,河北省,2012,9.8815,9.5054,6.5043,0.8575,1.8408,2.5488,0.9574,0.2998,1.3262,0.8414,0.8335
130000,河北省,2011,9.6315,9.2578,6.2751,0.7938,1.7458,2.4254,0.9529,0.3572,1.3558,0.7828,0.8441
130000,河北省,2010,9.4548,9.0191,6.0769,0.7383,1.697,2.2322,1.0334,0.376,1.3246,0.787,0.8306
130000,河北省,2009,9.2104,8.7623,5.8394,0.6827,1.6061,2.0171,1.1108,0.4227,1.2896,0.7774,0.8559
130000,河北省,2008,8.8603,8.396,5.5125,0.6227,1.518,1.795,1.1769,0.3999,1.2155,0.7986,0.8694
130000,河北省,2007,8.6152,,5.2497,0.5717,1.4919,1.6092,1.1569,0.42,,,
130000,河北省,2006,8.0809,,4.7428,0.4937,1.3532,1.3954,1.0851,0.4154,,,
130000,河北省,2005,7.5881,,4.2697,,,,,,,,
130000,河北省,2004,7.2853,,3.9235,,,,,,,,
130000,河北省,2003,6.656,,3.3617,,,,,,,,
130000,河北省,2002,5.8581,,2.8091,,,,,,,,
130000,河北省,2001,5.2914,,2.3707,,,,,,,,
130000,河北省,2000,4.6327,,1.9414,,,,,,,,
140000,山西省,2019,6.0061,5.8574,4.2798,0.3019,1.1627,1.7872,0.6918,0.3362,0.745,0.5087,0.3239
140000,山西省,2018,5.9424,5.7902,4.191,0.2913,1.1144,1.7204,0.7318,0.3331,0.735,0.5093,0.3549
140000,山西省,2017,5.9116,5.7067,4.0971,0.2819,1.0682,1.6527,0.7765,0.3178,0.7177,0.5044,0.3875
140000,山西省,2016,5.9845,5.7737,4.1301,0.2864,1.0819,1.6094,0.8023,0.3501,0.7326,0.523,0.388
140000,山西省,2015,5.9508,5.7222,4.0406,0.2838,1.0476,1.5999,0.7928,0.3165,0.7329,0.5443,0.4044
140000,山西省,2014,6.0393,5.7784,4.0317,0.2966,1.0661,1.5711,0.7847,0.3132,0.7907,0.5368,0.4192
140000,山西省,2013,6.1009,5.8074,4.0764,0.299,1.043,1.5138,0.8633,0.3573,0.7722,0.5146,0.4442
140000,山西省,2012,5.8146,5.5469,3.8124,0.2883,0.982,1.4098,0.8378,0.2945,0.7412,0.5207,0.4726
140000,山西省,2011,5.7849,5.5089,3.7527,0.2781,0.968,1.3482,0.8578,0.3006,0.7395,0.5468,0.4699
140000,山西省,2010,5.6909,5.3752,3.6492,0.2635,0.9387,1.2851,0.8584,0.3035,0.7493,0.5407,0.436
140000,山西省,2009,5.6804,5.3478,3.5863,0.2533,0.92,1.2576,0.8985,0.2569,0.7661,0.5366,0.4588
140000,山西省,2008,5.5417,5.2104,3.4885,0.2415,0.9042,1.1646,0.9046,0.2736,0.7366,0.525,0.4603
140000,山西省,2007,5.375,,3.3356,0.2353,0.8703,1.096,0.8744,0.2596,,,
140000,山西省,2006,4.9421,,2.9712,0.2213,0.8092,0.9733,0.7504,0.217,,,
140000,山西省,2005,4.7589,,2.7862,,,,,,,,
140000,山西省,2004,4.3852,,2.4768,,,,,,,,
140000,山西省,2003,3.8358,,2.0224,,,,,,,,
140000,山西省,2002,3.1565,,1.5644,,,,,,,,
140000,山西省,2001,2.9,,1.3122,,,,,,,,
140000,山西省,2000,2.495,,1.0466,,,,,,,,
150000,内蒙古自治区,2019,4.127,4.0802,2.7382,0.3215,0.9069,1.0735,0.2556,0.1807,0.6855,0.4378,0.2187
150000,内蒙古自治区,2018,4.0465,3.987,2.687,0.2995,0.8767,1.0483,0.2622,0.2003,0.633,0.4494,0.2176
150000,内蒙古自治区,2017,3.9598,3.8888,2.6408,0.2813,0.8497,1.031,0.274,0.2048,0.5976,0.4076,0.2428
150000,内蒙古自治区,2016,3.9263,3.8451,2.5935,0.2747,0.8269,1.0131,0.2936,0.1852,0.5766,0.4224,0.2526
150000,内蒙古自治区,2015,3.8648,3.7827,2.5523,0.2684,0.7958,1.0128,0.3317,0.1436,0.5722,0.4103,0.2479
150000,内蒙古自治区,2014,3.7691,3.6772,2.5,0.2571,0.7641,0.9537,0.3665,0.1586,0.5566,0.3732,0.2474
150000,内蒙古自治区,2013,3.7296,3.6287,2.4554,0.2459,0.7512,0.9237,0.392,0.1426,0.5476,0.3694,0.2563
150000,内蒙古自治区,2012,3.8057,3.7001,2.4654,0.2342,0.7523,0.9138,0.4057,0.1594,0.5712,0.3924,0.2711
150000,内蒙古自治区,2011,3.7381,3.6321,2.416,0.221,0.7339,0.8654,0.4287,0.167,0.5616,0.3885,0.266
150000,内蒙古自治区,2010,3.6439,3.5267,2.3332,0.1983,0.7012,0.7955,0.4569,0.1813,0.5338,0.3818,0.2779
150000,内蒙古自治区,2009,3.4932,3.3867,2.2327,0.1772,0.6512,0.7218,0.5206,0.1619,0.5319,0.3485,0.2736
150000,内蒙古自治区,2008,3.3233,3.2003,2.0946,0.1545,0.6106,0.6637,0.4967,0.1691,0.5035,0.3305,0.2717
150000,内蒙古自治区,2007,3.1653,,1.9483,0.1307,0.5699,0.6193,0.482,0.1464,,,
150000,内蒙古自治区,2006,3.1136,,1.9101,0.1329,0.5879,0.583,0.4846,0.1217,,,
150000,内蒙古自治区,2005,2.751,,1.6189,,,,,,,,
150000,内蒙古自治区,2004,2.6331,,1.4793,,,,,,,,
150000,内蒙古自治区,2003,2.2592,,1.2153,,,,,,,,
150000,内蒙古自治区,2002,1.8718,,0.9583,,,,,,,,
150000,内蒙古自治区,2001,1.9766,,0.934,,,,,,,,
150000,内蒙古自治区,2000,1.9228,,0.8856,,,,,,,,
210000,辽宁省,2019,9.8099,9.6315,6.3149,0.9644,2.1063,2.6627,0.3964,0.1851,1.7511,0.9946,0.5709
210000,辽宁省,2018,9.7176,9.5287,6.2535,0.9301,2.0534,2.6299,0.4722,0.1679,1.7146,0.9369,0.6237
210000,辽宁省,2017,9.7806,9.583,6.3157,0.9106,2.0283,2.6347,0.5572,0.1849,1.6768,0.9152,0.6753
210000,辽宁省,2016,9.8546,9.6282,6.4946,0.9048,2.0149,2.6968,0.6631,0.215,1.6423,0.7797,0.7116
210000,辽宁省,2015,9.7924,9.555,6.5179,0.9209,2.0267,2.6681,0.6522,0.25,1.5021,0.7795,0.7555
210000,辽宁省,2014,9.7927,9.5269,6.4246,0.8987,1.9736,2.6303,0.6602,0.2618,1.5086,0.7912,0.8025
210000,辽宁省,2013,9.7536,9.4705,6.2706,0.8653,1.9315,2.5296,0.6623,0.2819,1.5209,0.8115,0.8675
210000,辽宁省,2012,9.6584,9.2198,6.0502,0.8271,1.8885,2.4334,0.7323,0.1689,1.449,0.9156,0.805
210000,辽宁省,2011,9.4834,9.0411,5.8742,0.7815,1.8432,2.3282,0.7645,0.1568,1.4109,0.9123,0.8437
210000,辽宁省,2010,9.3183,8.841,5.7404,0.7412,1.7754,2.1982,0.8645,0.1611,1.3764,0.8727,0.8515
210000,辽宁省,2009,9.1974,8.6398,5.5835,0.7144,1.7317,2.0505,0.9204,0.1665,1.3428,0.8883,0.8252
210000,辽宁省,2008,8.9848,8.3862,5.3495,0.6836,1.6567,1.8602,1.0062,0.1428,1.3063,0.9121,0.8183
210000,辽宁省,2007,8.7215,,5.0344,0.6232,1.5926,1.6435,1.0229,0.1522,,,
210000,辽宁省,2006,8.4535,,4.6816,0.5696,1.5084,1.4689,0.967,0.1677,,,
210000,辽宁省,2005,8.2816,,4.396,,,,,,,,
210000,辽宁省,2004,7.9093,,4.0697,,,,,,,,
210000,辽宁省,2003,7.5632,,3.8086,,,,,,,,
210000,辽宁省,2002,6.9667,,3.3819,,,,,,,,
210000,辽宁省,2001,6.5237,,3.0364,,,,,,,,
210000,辽宁省,2000,6.1707,,2.7508,,,,,,,,
220000,吉林省,2019,6.2611,6.1046,4.0298,0.6769,1.3261,1.4679,0.4578,0.1011,0.9491,0.6704,0.4553
220000,吉林省,2018,6.3479,6.1316,4.0328,0.6711,1.3335,1.4699,0.4574,0.1009,0.929,0.6752,0.4946
220000,吉林省,2017,6.3351,6.1076,4.0097,0.6586,1.3154,1.479,0.4566,0.1001,0.9106,0.6575,0.5298
220000,吉林省,2016,6.3359,6.0982,3.9823,0.6352,1.2776,1.5168,0.481,0.0717,0.8797,0.6524,0.5838
220000,吉林省,2015,6.3043,6.0255,3.9152,0.6089,1.2407,1.5212,0.4759,0.0685,0.855,0.6382,0.6171
220000,吉林省,2014,6.2916,5.954,3.8549,0.5808,1.2035,1.4979,0.5182,0.0545,0.8351,0.6165,0.6475
220000,吉林省,2013,6.3002,5.9457,3.8003,0.572,1.193,1.4439,0.5413,0.0501,0.8231,0.6321,0.6902
220000,吉林省,2012,6.2505,5.8557,3.7022,0.5428,1.1362,1.4176,0.546,0.0596,0.8561,0.61,0.6874
220000,吉林省,2011,6.1429,5.771,3.5647,0.5123,1.0975,1.2991,0.5733,0.0825,0.8357,0.6484,0.7222
220000,吉林省,2010,5.9535,5.6551,3.3982,0.4861,1.0463,1.1917,0.6095,0.0646,0.8835,0.6371,0.7363
220000,吉林省,2009,5.977,5.6219,3.3239,0.451,1.0057,1.1042,0.6848,0.0782,0.8954,0.6438,0.7588
220000,吉林省,2008,5.9035,5.5121,3.2539,0.4181,0.951,1.0345,0.7302,0.1201,0.8415,0.6622,0.7545
220000,吉林省,2007,5.8531,,3.1667,0.4031,0.9216,1.003,0.7194,0.1196,,,
220000,吉林省,2006,5.6727,,2.9918,0.3768,0.8548,0.9376,0.7065,0.1161,,,
220000,吉林省,2005,5.4689,,2.8129,,,,,,,,
220000,吉林省,2004,4.9859,,2.5011,,,,,,,,
220000,吉林省,2003,4.695,,2.1824,,,,,,,,
220000,吉林省,2002,4.4484,,1.9975,,,,,,,,
220000,吉林省,2001,4.2914,,1.8194,,,,,,,,
220000,吉林省,2000,4.1813,,1.7476,,,,,,,,
230000,黑龙江省,2019,7.4233,7.222,4.7245,0.8101,1.6463,1.7829,0.3112,0.174,1.2082,0.7246,0.5647
230000,黑龙江省,2018,7.3542,7.1257,4.6027,0.7764,1.6049,1.7743,0.3225,0.1246,1.1996,0.7273,0.5961
230000,黑龙江省,2017,7.3918,7.1691,4.6278,0.7478,1.6088,1.7957,0.3285,0.147,1.1912,0.7248,0.6253
230000,黑龙江省,2016,7.4901,7.2594,4.6829,0.7538,1.5978,1.8663,0.3261,0.1389,1.1414,0.7353,0.6998
230000,黑龙江省,2015,7.6086,7.331,4.6806,0.7388,1.549,1.9216,0.3398,0.1314,1.1392,0.7659,0.7453
230000,黑龙江省,2014,7.7,7.4036,4.687,0.7347,1.5173,1.9212,0.3947,0.1191,1.121,0.793,0.8026
230000,黑龙江省,2013,7.7234,7.389,4.6215,0.7111,1.451,1.8914,0.4266,0.1414,1.1136,0.7913,0.8626
230000,黑龙江省,2012,7.751,7.3941,4.5448,0.6928,1.3843,1.8304,0.5046,0.1327,1.1696,0.7837,0.896
230000,黑龙江省,2011,7.6205,7.2784,4.4821,0.6611,1.3291,1.7551,0.6008,0.136,1.1149,0.7744,0.907
230000,黑龙江省,2010,7.5741,7.0991,4.4198,0.6256,1.3056,1.6469,0.6586,0.1831,1.0673,0.7341,0.8779
230000,黑龙江省,2009,7.5062,6.988,4.3057,0.5868,1.2681,1.4377,0.7892,0.2239,1.0593,0.7376,0.8854
230000,黑龙江省,2008,7.4348,6.8832,4.1613,0.5461,1.2162,1.2653,0.933,0.2007,1.0381,0.7549,0.9289
230000,黑龙江省,2007,7.2316,,3.9792,0.5196,1.2024,1.1293,0.9242,0.2037,,,
230000,黑龙江省,2006,6.8252,,3.6866,0.4692,1.1359,1.0251,0.8648,0.1916,,,
230000,黑龙江省,2005,6.5662,,3.5127,,,,,,,,
230000,黑龙江省,2004,6.4831,,3.2119,,,,,,,,
230000,黑龙江省,2003,6.0609,,2.8525,,,,,,,,
230000,黑龙江省,2002,5.214,,2.3179,,,,,,,,
230000,黑龙江省,2001,4.6359,,1.8238,,,,,,,,
230000,黑龙江省,2000,4.312,,1.6169,,,,,,,,
310000,上海市,2019,7.7224,7.3028,4.6278,0.8999,1.4943,1.7556,0.2832,0.1948,1.4389,0.95,0.2861
310000,上海市,2018,7.5115,7.0811,4.4585,0.8462,1.4403,1.7209,0.2715,0.1796,1.357,0.9349,0.3307
310000,上海市,2017,7.3891,6.9449,4.3484,0.8191,1.4082,1.6906,0.2745,0.156,1.2902,0.9176,0.3887
310000,上海市,2016,7.3357,6.8618,4.2308,0.7805,1.3759,1.6576,0.2857,0.1311,1.2434,0.9386,0.449
310000,上海市,2015,7.3578,6.8037,4.157,0.7541,1.3541,1.6358,0.2743,0.1387,1.2385,0.9098,0.4984
310000,上海市,2014,7.3373,6.7398,4.0558,0.7317,1.3018,1.6109,0.2679,0.1435,1.2511,0.8876,0.5453
310000,上海市,2013,7.3361,6.7209,4.0297,0.7089,1.2941,1.6118,0.2772,0.1377,1.2397,0.8822,0.5693
310000,上海市,2012,7.3348,6.691,4.0118,0.6781,1.261,1.6498,0.2877,0.1352,1.2194,0.8493,0.6105
310000,上海市,2011,7.4065,6.6565,3.9626,0.6461,1.2113,1.6422,0.341,0.122,1.1685,0.8442,0.6812
310000,上海市,2010,7.4161,6.561,3.917,0.6191,1.1479,1.6332,0.3488,0.168,1.0969,0.8482,0.6989
310000,上海市,2009,7.454,6.5581,3.8134,0.5876,1.1017,1.5486,0.409,0.1665,1.0817,0.8949,0.7681
310000,上海市,2008,7.3068,6.369,3.6854,0.5699,1.0675,1.4612,0.4157,0.1711,1.0599,0.8218,0.8019
310000,上海市,2007,7.1838,,3.548,0.5461,1.0343,1.3641,0.4434,0.1601,,,
310000,上海市,2006,7.1651,,3.3873,0.5043,0.9917,1.2831,0.4398,0.1684,,,
310000,上海市,2005,7.0623,,3.1645,,,,,,,,
310000,上海市,2004,6.8279,,2.8737,,,,,,,,
310000,上海市,2003,6.3138,,2.4387,,,,,,,,
310000,上海市,2002,6.1776,,2.29,,,,,,,,
310000,上海市,2001,6.1693,,2.1695,,,,,,,,
310000,上海市,2000,6.0799,,2.0491,,,,,,,,
320000,江苏省,2019,17.5222,16.7899,12.0599,1.7543,4.2153,4.7603,0.8596,0.4704,2.5516,1.4163,0.7621
320000,江苏省,2018,17.0589,16.2684,11.635,1.6355,4.038,4.7052,0.8177,0.4386,2.4648,1.4124,0.7562
320000,江苏省,2017,16.8583,16.039,11.2888,1.5677,3.8866,4.6116,0.8043,0.4186,2.4523,1.4612,0.8367
320000,江苏省,2016,16.5722,15.6891,10.9846,1.4625,3.7182,4.6289,0.8235,0.3515,2.3912,1.4644,0.8489
320000,江苏省,2015,16.2257,15.3192,10.7154,1.4127,3.6044,4.5276,0.8408,0.3299,2.2998,1.4131,0.8909
320000,江苏省,2014,16.0471,15.0694,10.4549,1.3386,3.4522,4.4712,0.8713,0.3216,2.2739,1.4173,0.9233
320000,江苏省,2013,16.6223,15.5976,10.8272,1.2719,3.4178,4.6712,1.1241,0.3422,2.2568,1.5056,1.008
320000,江苏省,2012,16.3592,15.3178,10.6023,1.1964,3.2457,4.6353,1.2314,0.2935,2.2143,1.46,1.0412
320000,江苏省,2011,16.1062,15.0722,10.3939,1.1347,3.0741,4.4919,1.4097,0.2835,2.1967,1.4084,1.0732
320000,江苏省,2010,15.8647,14.8025,10.201,1.042,2.9297,4.2324,1.6594,0.3375,2.1488,1.406,1.0467
320000,江苏省,2009,15.7,14.5877,9.9912,0.9666,2.7902,3.9377,1.9219,0.3748,2.0839,1.383,1.1296
320000,江苏省,2008,15.4001,14.231,9.6267,0.8981,2.5976,3.5814,2.1135,0.4361,2.0884,1.3569,1.159
320000,江苏省,2007,14.5981,,8.8568,0.8277,2.3838,3.1251,2.07,0.4502,,,
320000,江苏省,2006,13.2275,,7.8358,0.7459,2.1029,2.6452,1.8771,0.4647,,,
320000,江苏省,2005,12.044,,6.7334,,,,,,,,
320000,江苏省,2004,11.0775,,5.9037,,,,,,,,
320000,江苏省,2003,10.0684,,4.981,,,,,,,,
320000,江苏省,2002,9.354,,4.4198,,,,,,,,
320000,江苏省,2001,8.5433,,3.7987,,,,,,,,
320000,江苏省,2000,7.885,,3.3085,,,,,,,,
330000,浙江省,2019,9.9551,9.4505,6.6734,1.0105,2.0123,2.7793,0.4191,0.4522,1.6815,0.8675,0.2281
330000,浙江省,2018,9.4462,9.0313,6.3433,0.9532,1.9471,2.6653,0.3832,0.3945,1.6067,0.8333,0.248
330000,浙江省,2017,9.2654,8.8532,6.2357,0.917,1.9236,2.6209,0.3876,0.3866,1.5309,0.8236,0.263
330000,浙江省,2016,9.0214,8.6066,6.0477,0.8824,1.8636,2.577,0.3862,0.3385,1.4339,0.8346,0.2904
330000,浙江省,2015,8.8744,8.4636,5.9472,0.8463,1.831,2.56,0.3601,0.3498,1.4173,0.7927,0.3064
330000,浙江省,2014,8.7375,8.3035,5.8076,0.7999,1.7895,2.4983,0.3601,0.3598,1.3632,0.8036,0.3291
330000,浙江省,2013,8.5381,8.102,5.6,0.7579,1.7233,2.4547,0.3559,0.3082,1.3712,0.7878,0.343
330000,浙江省,2012,8.3843,7.8717,5.4154,0.7196,1.6437,2.4111,0.3908,0.2502,1.3199,0.7561,0.3803
330000,浙江省,2011,8.1384,7.6394,5.2296,0.6783,1.5631,2.3028,0.4638,0.2216,1.2776,0.743,0.3892
330000,浙江省,2010,7.9785,7.429,5.0969,0.6219,1.4831,2.2124,0.5586,0.2209,1.2128,0.7231,0.3962
330000,浙江省,2009,7.7852,7.2126,4.9516,0.5695,1.4385,2.0488,0.6608,0.234,1.1554,0.7014,0.4042
330000,浙江省,2008,7.5986,7.0163,4.7795,0.5238,1.3566,1.8548,0.7754,0.2689,1.135,0.6814,0.4204
330000,浙江省,2007,7.3704,,4.5622,0.4802,1.294,1.6441,0.8741,0.2698,,,
330000,浙江省,2006,6.973,,4.2143,0.414,1.1778,1.447,0.9076,0.2679,,,
330000,浙江省,2005,6.4491,,3.8402,,,,,,,,
330000,浙江省,2004,6.0833,,3.5766,,,,,,,,
330000,浙江省,2003,5.3612,,2.9508,,,,,,,,
330000,浙江省,2002,4.8481,,2.5993,,,,,,,,
330000,浙江省,2001,4.4347,,2.2168,,,,,,,,
330000,浙江省,2000,3.5083,,1.6057,,,,,,,,
340000,安徽省,2019,8.3403,8.1172,6.2374,0.614,1.7362,2.4875,0.9956,0.4041,0.9398,0.5798,0.3602
340000,安徽省,2018,8.2096,8.0067,6.1089,0.5786,1.7014,2.4764,1.0139,0.3386,0.9394,0.5884,0.37
340000,安徽省,2017,8.1266,7.9039,6.0429,0.5355,1.655,2.3915,1.108,0.3529,0.8814,0.5894,0.3902
340000,安徽省,2016,8.0416,7.8182,5.9479,0.5117,1.6144,2.3257,1.1483,0.3478,0.8744,0.5878,0.4081
340000,安徽省,2015,7.9397,7.6971,5.8113,0.4862,1.5736,2.2217,1.189,0.3408,0.842,0.5932,0.4506
340000,安徽省,2014,8.0254,7.555,5.6525,0.4525,1.5147,2.181,1.1974,0.3069,0.8481,0.5978,0.4566
340000,安徽省,2013,7.6178,7.3573,5.4903,0.443,1.465,2.0916,1.1771,0.3136,0.8105,0.5947,0.4618
340000,安徽省,2012,7.5411,7.2766,5.3108,0.4258,1.4017,2.019,1.1594,0.3049,0.817,0.6526,0.4962
340000,安徽省,2011,7.3176,7.0487,5.1185,0.3811,1.3292,1.9681,1.1347,0.3054,0.7941,0.6294,0.5067
340000,安徽省,2010,7.1264,6.8524,4.9298,0.3562,1.2708,1.8912,1.1142,0.2974,0.7785,0.6211,0.523
340000,安徽省,2009,6.8293,6.5521,4.6374,0.3329,1.1889,1.7554,1.0547,0.3055,0.7792,0.6022,0.5333
340000,安徽省,2008,6.554,6.2502,4.3624,0.3038,1.1021,1.6143,1.0436,0.2986,0.754,0.606,0.5278
340000,安徽省,2007,6.2277,,4.0743,0.2898,1.0432,1.4515,0.9824,0.3074,,,
340000,安徽省,2006,5.7588,,3.6797,0.2697,0.979,1.22,0.9575,0.2535,,,
340000,安徽省,2005,5.2947,,3.2438,,,,,,,,
340000,安徽省,2004,5.0116,,2.9538,,,,,,,,
340000,安徽省,2003,4.4395,,2.4744,,,,,,,,
340000,安徽省,2002,3.925,,2.11,,,,,,,,
340000,安徽省,2001,3.5859,,1.7914,,,,,,,,
340000,安徽省,2000,3.186,,1.5065,,,,,,,,
350000,福建省,2019,7.392,7.0413,4.9116,0.6324,1.5618,1.9645,0.5297,0.2232,1.2398,0.6767,0.2132
350000,福建省,2018,7.0707,6.7433,4.6555,0.5886,1.4314,1.9023,0.5528,0.1804,1.198,0.6618,0.228
350000,福建省,2017,6.8302,6.5939,4.5398,0.5576,1.3494,1.8653,0.6003,0.1672,1.1496,0.6552,0.2493
350000,福建省,2016,6.7488,6.4873,4.4751,0.4972,1.3014,1.8543,0.6477,0.1745,1.1147,0.6378,0.2597
350000,福建省,2015,6.7155,6.4647,4.4791,0.5068,1.2511,1.8443,0.7025,0.1744,1.075,0.6183,0.2923
350000,福建省,2014,6.5775,6.3135,4.3902,0.4938,1.2287,1.7633,0.7162,0.1882,1.017,0.6002,0.3061
350000,福建省,2013,6.4744,6.1847,4.2905,0.4766,1.1816,1.6553,0.7373,0.2397,0.9719,0.5909,0.3314
350000,福建省,2012,6.2513,5.9523,4.1119,0.4546,1.1329,1.5742,0.7226,0.2276,0.9211,0.5787,0.3406
350000,福建省,2011,6.1042,5.8175,3.9747,0.4186,1.0608,1.4799,0.8161,0.1993,0.8969,0.5834,0.3625
350000,福建省,2010,5.866,5.5668,3.7733,0.3571,0.9683,1.3573,0.8809,0.2097,0.8748,0.5499,0.3688
350000,福建省,2009,5.6334,5.3536,3.5841,0.348,0.9179,1.1979,0.9053,0.215,0.8494,0.5436,0.3765
350000,福建省,2008,5.3521,5.0993,3.3637,0.3135,0.8514,1.073,0.9211,0.2047,0.8243,0.5193,0.392
350000,福建省,2007,5.0622,,3.1385,0.2947,0.7921,0.9515,0.8995,0.2007,,,
350000,福建省,2006,4.6238,,2.8202,0.2616,0.7256,0.8325,0.8015,0.199,,,
350000,福建省,2005,4.1874,,2.4351,,,,,,,,
350000,福建省,2004,3.6666,,2.0417,,,,,,,,
350000,福建省,2003,3.0699,,1.6171,,,,,,,,
350000,福建省,2002,2.4636,,1.25,,,,,,,,
350000,福建省,2001,2.3262,,1.0716,,,,,,,,
350000,福建省,2000,2.1826,,0.9779,,,,,,,,
360000,江西省,2019,8.4928,8.2281,6.0224,0.5614,1.5398,2.4191,0.8396,0.6625,0.8226,1.0705,0.3126
360000,江西省,2018,8.1501,7.9133,5.744,0.5448,1.4776,2.3384,0.8138,0.5694,0.8085,1.0299,0.3309
360000,江西省,2017,8.0113,7.7743,5.6519,0.5348,1.4596,2.2474,0.7996,0.6105,0.7819,0.9878,0.3527
360000,江西省,2016,7.6969,7.477,5.555,0.514,1.3986,2.2496,0.8601,0.5327,0.7346,0.8179,0.3695
360000,江西省,2015,7.8938,7.6234,5.7271,0.5799,1.5098,2.3546,0.8828,0.4,0.9163,0.6022,0.3778
360000,江西省,2014,7.6014,7.2785,5.4429,0.5465,1.4633,2.2734,0.8903,0.2694,0.8697,0.5723,0.3936
360000,江西省,2013,7.4396,7.092,5.2434,0.5275,1.4146,2.1228,0.9131,0.2654,0.8739,0.5693,0.4054
360000,江西省,2012,7.162,6.8293,5.0205,0.5033,1.3715,1.9828,0.9074,0.2555,0.8557,0.5404,0.4127
360000,江西省,2011,7.0472,6.8118,4.997,0.4862,1.3475,1.9008,1.0228,0.2397,0.8517,0.5409,0.4222
360000,江西省,2010,7.0753,6.7491,4.9028,0.4587,1.3124,1.7807,1.0932,0.2578,0.8437,0.5427,0.4599
360000,江西省,2009,7.2123,6.7232,4.8637,0.4209,1.2709,1.6878,1.1998,0.2843,0.8443,0.5368,0.4784
360000,江西省,2008,7.1226,6.5971,4.751,0.3824,1.1928,1.5509,1.2622,0.3627,0.8362,0.54,0.4699
360000,江西省,2007,6.883,,4.5153,0.3427,1.1567,1.3546,1.2856,0.3757,,,
360000,江西省,2006,6.5996,,4.2227,0.3057,1.0887,1.2504,1.1903,0.3876,,,
360000,江西省,2005,6.2082,,3.8587,,,,,,,,
360000,江西省,2004,5.152,,3.0419,,,,,,,,
360000,江西省,2003,3.9794,,2.056,,,,,,,,
360000,江西省,2002,3.3169,,1.5934,,,,,,,,
360000,江西省,2001,2.7609,,1.2176,,,,,,,,
360000,江西省,2000,2.5573,,1.038,,,,,,,,
370000,山东省,2019,16.4932,15.785,11.7609,1.2854,3.5167,4.8889,1.314,0.7559,2.0589,1.3657,0.5995
370000,山东省,2018,15.8526,15.2057,11.2717,1.1993,3.3588,4.7871,1.299,0.6275,1.9756,1.3195,0.6389
370000,山东省,2017,15.4311,14.9415,11.0807,1.1015,3.2219,4.7755,1.4162,0.5656,1.9293,1.2631,0.6684
370000,山东省,2016,15.0345,14.5698,10.7748,1.0678,3.051,4.6366,1.4566,0.5628,1.8374,1.2189,0.7387
370000,山东省,2015,14.7035,14.2147,10.4724,1.0559,2.9824,4.5361,1.3962,0.5018,1.7661,1.2089,0.7673
370000,山东省,2014,14.3939,13.9054,10.138,1.0379,2.8745,4.369,1.4634,0.3932,1.7661,1.1858,0.8155
370000,山东省,2013,14.224,13.693,9.8685,1.013,2.7418,4.2432,1.4992,0.3713,1.7617,1.1989,0.8639
370000,山东省,2012,14.237,13.6716,9.6058,0.9952,2.6465,4.0535,1.5958,0.3148,1.8755,1.2374,0.9529
370000,山东省,2011,14.2698,13.6659,9.4621,0.972,2.5981,3.8594,1.7033,0.3293,1.8862,1.2683,1.0493
370000,山东省,2010,13.91,13.2851,9.1413,0.9206,2.4924,3.6231,1.8172,0.288,1.8054,1.2714,1.067
370000,山东省,2009,13.6753,12.9911,8.9734,0.8686,2.4368,3.2836,2.0255,0.3589,1.7202,1.226,1.0715
370000,山东省,2008,13.4072,12.6889,8.7432,0.8497,2.3814,3.0,2.1246,0.3875,1.6496,1.1926,1.1035
370000,山东省,2007,12.8761,,8.1889,0.8085,2.2506,2.6073,2.0869,0.4356,,,
370000,山东省,2006,12.1167,,7.4676,0.727,2.0871,2.2621,1.9044,0.487,,,
370000,山东省,2005,10.992,,6.4636,,,,,,,,
370000,山东省,2004,9.3653,,5.3847,,,,,,,,
370000,山东省,2003,8.4393,,4.5457,,,,,,,,
370000,山东省,2002,7.2408,,3.7412,,,,,,,,
370000,山东省,2001,6.4362,,3.0902,,,,,,,,
370000,山东省,2000,5.491,,2.4764,,,,,,,,
410000,河南省,2019,16.205,15.6846,12.3977,0.9722,3.1355,5.0145,2.1995,1.076,1.548,0.9304,0.8085
410000,河南省,2018,15.369,14.8307,11.5353,0.9226,2.957,4.702,2.0216,0.9321,1.5163,0.9493,0.8298
410000,河南省,2017,14.5755,14.0493,10.8449,0.8826,2.808,4.4884,1.8914,0.7745,1.4381,0.9414,0.8249
410000,河南省,2016,13.8777,13.3366,10.2725,0.8694,2.6779,4.1913,1.7969,0.737,1.3337,0.8943,0.8361
410000,河南省,2015,13.3369,12.7861,9.801,0.8416,2.546,3.9862,1.7873,0.6399,1.3008,0.8617,0.8226
410000,河南省,2014,13.0031,12.4514,9.5134,0.802,2.5258,3.8071,1.7844,0.5941,1.2624,0.8405,0.8351
410000,河南省,2013,12.517,12.0038,9.0949,0.7752,2.412,3.6213,1.8085,0.4779,1.2213,0.8306,0.857
410000,河南省,2012,12.0156,11.5321,8.5982,0.7052,2.2309,3.4607,1.7537,0.4477,1.2206,0.8384,0.8749
410000,河南省,2011,11.7117,11.2257,8.2037,0.6478,2.13,3.254,1.762,0.4099,1.2173,0.8738,0.9309
410000,河南省,2010,11.0427,10.6073,7.7471,0.583,1.9737,3.0264,1.7556,0.4084,1.1495,0.8335,0.8772
410000,河南省,2009,10.3617,9.9191,7.1472,0.532,1.8253,2.6855,1.7044,0.4,1.1113,0.7985,0.8621
410000,河南省,2008,9.5932,9.1864,6.4889,0.4718,1.6767,2.2849,1.675,0.3805,1.0601,0.8098,0.8276
410000,河南省,2007,8.8217,,5.876,0.4012,1.5132,2.0283,1.5634,0.3699,,,
410000,河南省,2006,8.3359,,5.2928,0.3417,1.3442,1.7852,1.4434,0.3783,,,
410000,河南省,2005,7.5782,,4.6309,,,,,,,,
410000,河南省,2004,7.1988,,4.1821,,,,,,,,
410000,河南省,2003,5.9249,,3.3045,,,,,,,,
410000,河南省,2002,5.4539,,2.85,,,,,,,,
410000,河南省,2001,5.0548,,2.461,,,,,,,,
410000,河南省,2000,4.4378,,2.0239,,,,,,,,
420000,湖北省,2019,13.1228,12.6087,8.5276,1.1847,2.8892,3.0727,0.7977,0.5833,2.0076,1.2765,0.797
420000,湖北省,2018,12.9164,12.3986,8.3403,1.1538,2.815,3.065,0.7961,0.5104,1.9915,1.2584,0.8084
420000,湖北省,2017,13.1395,12.5821,8.3507,1.1237,2.7764,3.1009,0.8314,0.5183,2.0042,1.2943,0.9329
420000,湖北省,2016,13.1014,12.518,8.3517,1.0955,2.7072,3.1186,0.9379,0.4925,1.9463,1.2548,0.9652
420000,湖北省,2015,12.9118,12.3276,8.3444,1.0901,2.6572,3.0983,0.9981,0.5007,1.8777,1.2453,0.8602
420000,湖北省,2014,12.8878,12.2289,8.2821,1.0622,2.5927,3.1273,1.0544,0.4455,1.8744,1.2005,0.8719
420000,湖北省,2013,12.8185,12.1086,8.1784,1.0217,2.4959,3.1147,1.1242,0.4219,1.85,1.1842,0.896
420000,湖北省,2012,12.7921,12.0141,8.0665,0.9998,2.4373,3.0244,1.1883,0.4167,1.8263,1.1972,0.9241
420000,湖北省,2011,12.7363,11.8868,7.8952,0.9378,2.3013,2.9013,1.3475,0.4073,1.787,1.2152,0.9894
420000,湖北省,2010,12.3491,11.467,7.4685,0.8674,2.2047,2.6077,1.3656,0.4231,1.7228,1.2248,1.0509
420000,湖北省,2009,12.3693,11.3882,7.3159,0.8297,2.1608,2.4978,1.3817,0.4459,1.784,1.2046,1.0837
420000,湖北省,2008,12.0816,11.1522,7.0617,0.7707,2.0623,2.338,1.4402,0.4505,1.7809,1.2296,1.08
420000,湖北省,2007,11.9736,,6.8117,0.7501,2.0196,2.2013,1.3592,0.4815,,,
420000,湖北省,2006,11.4485,,6.5164,0.7371,1.9623,2.0585,1.2043,0.5542,,,
420000,湖北省,2005,10.7459,,5.9009,,,,,,,,
420000,湖北省,2004,10.5249,,5.5683,,,,,,,,
420000,湖北省,2003,9.4215,,4.6947,,,,,,,,
420000,湖北省,2002,8.3051,,3.9624,,,,,,,,
420000,湖北省,2001,7.661,,3.3505,,,,,,,,
420000,湖北省,2000,7.2265,,3.0363,,,,,,,,
430000,湖南省,2019,10.8434,10.4933,7.6527,0.8559,2.2233,3.0291,0.758,0.7864,1.4058,0.9476,0.4872
430000,湖南省,2018,10.4086,10.0907,7.2689,0.8063,2.1276,2.9053,0.6824,0.7473,1.3738,0.9446,0.5034
430000,湖南省,2017,10.2318,9.9032,7.0249,0.7736,2.0578,2.8015,0.7188,0.6732,1.3766,0.9654,0.5363
430000,湖南省,2016,10.0543,9.6847,6.8726,0.7499,2.001,2.8007,0.7364,0.5846,1.3268,0.9351,0.5502
430000,湖南省,2015,9.8746,9.4411,6.6615,0.7149,1.9269,2.7624,0.7679,0.4894,1.3099,0.9381,0.5316
430000,湖南省,2014,9.7652,9.2966,6.4919,0.7037,1.8828,2.7198,0.7316,0.454,1.3307,0.9142,0.5598
430000,湖南省,2013,9.6915,9.2065,6.3869,0.7064,1.8334,2.6642,0.7776,0.4053,1.3286,0.8908,0.6002
430000,湖南省,2012,9.6322,9.1134,6.2541,0.6543,1.8017,2.534,0.8555,0.4086,1.3294,0.907,0.6229
430000,湖南省,2011,9.5652,8.9744,6.1156,0.6508,1.7633,2.4519,0.9185,0.3311,1.3372,0.8933,0.6283
430000,湖南省,2010,9.4871,8.8556,5.9557,0.632,1.6943,2.3061,1.0233,0.3,1.3241,0.9619,0.6139
430000,湖南省,2009,9.4428,8.7595,5.8846,0.6038,1.6471,2.1851,1.1612,0.2874,1.2869,0.9606,0.6274
430000,湖南省,2008,9.3303,8.6053,5.7651,0.566,1.6237,2.0575,1.2001,0.3178,1.2644,0.9085,0.6673
430000,湖南省,2007,9.0417,,5.4751,0.5028,1.5439,1.8529,1.2014,0.3741,,,
430000,湖南省,2006,8.6031,,4.947,0.4425,1.4308,1.6584,1.0663,0.349,,,
430000,湖南省,2005,8.0766,,4.5272,,,,,,,,
430000,湖南省,2004,7.2227,,3.8345,,,,,,,,
430000,湖南省,2003,6.6084,,3.3229,,,,,,,,
430000,湖南省,2002,5.659,,2.6715,,,,,,,,
430000,湖南省,2001,5.3119,,2.3878,,,,,,,,
430000,湖南省,2000,4.6642,,2.0317,,,,,,,,
440000,广东省,2019,16.8225,16.0253,11.47,1.5537,3.1203,4.4907,0.7699,1.5354,2.4493,1.4521,0.6539
440000,广东省,2018,16.0099,15.3126,10.8222,1.4805,2.9423,4.3246,0.7935,1.2813,2.3429,1.4719,0.6756
440000,广东省,2017,15.454,14.8059,10.4381,1.3982,2.8373,4.2833,0.7532,1.1661,2.2441,1.4255,0.6982
440000,广东省,2016,14.936,14.2864,10.116,1.3004,2.671,4.1872,0.8111,1.1463,2.1202,1.3948,0.6554
440000,广东省,2015,14.5449,13.9888,9.8897,1.2267,2.5824,4.1124,0.8552,1.113,2.0556,1.3156,0.7279
440000,广东省,2014,14.0348,13.5226,9.5193,1.1473,2.4548,4.0153,0.9318,0.9701,1.9661,1.2718,0.7654
440000,广东省,2013,13.3719,12.8161,9.1099,1.0843,2.3603,3.7501,1.0383,0.8769,1.9079,1.2021,0.5962
440000,广东省,2012,13.0127,12.4085,8.7402,1.0315,2.2625,3.5168,1.1234,0.806,1.8683,1.2026,0.5974
440000,广东省,2011,12.5388,11.9351,8.2916,0.9798,2.161,3.3193,1.0386,0.7929,1.8281,1.1902,0.6252
440000,广东省,2010,12.1363,11.4018,7.8569,0.8787,2.0585,3.0802,1.0671,0.7724,1.788,1.1432,0.6137
440000,广东省,2009,11.5969,10.8598,7.3943,0.7815,1.9141,2.7385,1.1858,0.7744,1.7097,1.0963,0.6595
440000,广东省,2008,11.0034,10.2557,6.9223,0.7365,1.8333,2.3981,1.2811,0.6733,1.6464,1.0608,0.6262
440000,广东省,2007,10.7079,,6.7091,0.6941,1.836,2.2762,1.3533,0.5495,,,
440000,广东省,2006,10.0317,,6.1119,0.6062,1.7194,2.0574,1.2585,0.4704,,,
440000,广东省,2005,9.0771,,5.4257,,,,,,,,
440000,广东省,2004,7.982,,4.6951,,,,,,,,
440000,广东省,2003,7.0009,,3.9897,,,,,,,,
440000,广东省,2002,6.0305,,3.3,,,,,,,,
440000,广东省,2001,5.1057,,2.3467,,,,,,,,
440000,广东省,2000,4.6827,,2.0433,,,,,,,,
450000,广西壮族自治区,2019,7.6137,6.8675,4.8726,0.535,1.293,1.8559,0.3078,0.8809,1.0001,0.4932,0.5016
450000,广西壮族自治区,2018,6.9027,6.2618,4.5211,0.4905,1.2164,1.7899,0.3183,0.706,0.9021,0.4838,0.3548
450000,广西壮族自治区,2017,6.6934,5.9699,4.3246,0.4701,1.1582,1.7294,0.3411,0.6258,0.8426,0.465,0.3377
450000,广西壮族自治区,2016,6.369,5.6781,4.0421,0.4412,1.0733,1.6416,0.3421,0.5439,0.812,0.4648,0.3592
450000,广西壮族自治区,2015,6.0203,5.4589,3.8625,0.41,1.0401,1.5574,0.396,0.459,0.7868,0.4496,0.36
450000,广西壮族自治区,2014,5.7474,5.2356,3.768,0.3993,1.0262,1.4826,0.4204,0.4395,0.6872,0.4206,0.3598
450000,广西壮族自治区,2013,5.5283,5.0274,3.6425,0.3799,0.9745,1.4094,0.4829,0.3958,0.6564,0.4096,0.3189
450000,广西壮族自治区,2012,5.3344,4.8366,3.5027,0.3445,0.916,1.3456,0.5286,0.368,0.624,0.382,0.3279
450000,广西壮族自治区,2011,5.283,4.7063,3.3459,0.3069,0.863,1.2859,0.5469,0.3432,0.6273,0.3958,0.3373
450000,广西壮族自治区,2010,5.0701,4.5025,3.165,0.2736,0.8077,1.2303,0.5491,0.3043,0.6151,0.3772,0.3452
450000,广西壮族自治区,2009,4.8304,4.2879,2.9459,0.2365,0.7442,1.1115,0.5792,0.2745,0.5981,0.3828,0.3611
450000,广西壮族自治区,2008,4.6174,4.0834,2.7545,0.2082,0.7067,1.0058,0.551,0.2828,0.5953,0.3708,0.3628
450000,广西壮族自治区,2007,4.1872,,2.5088,0.1743,0.6462,0.8999,0.5423,0.2461,,,
450000,广西壮族自治区,2006,3.9235,,2.245,0.157,0.5899,0.7923,0.4852,0.2206,,,
450000,广西壮族自治区,2005,3.5409,,1.961,,,,,,,,
450000,广西壮族自治区,2004,2.9732,,1.7583,,,,,,,,
450000,广西壮族自治区,2003,2.4746,,1.4106,,,,,,,,
450000,广西壮族自治区,2002,2.1964,,1.2115,,,,,,,,
450000,广西壮族自治区,2001,1.9874,,1.0131,,,,,,,,
450000,广西壮族自治区,2000,1.9304,,0.9326,,,,,,,,
460000,海南省,2019,1.6715,1.6616,1.1076,0.1635,0.3051,0.392,0.1087,0.1383,0.2718,0.1618,0.1204
460000,海南省,2018,1.5313,1.5156,1.0082,0.1318,0.2907,0.3712,0.1035,0.111,0.2278,0.1511,0.1285
460000,海南省,2017,1.4753,1.4585,0.9602,0.1246,0.2755,0.3691,0.1074,0.0836,0.2216,0.1505,0.1262
460000,海南省,2016,1.4651,1.4462,0.9306,0.1085,0.2551,0.3764,0.1117,0.0789,0.2241,0.1466,0.1449
460000,海南省,2015,1.4137,1.3964,0.9028,0.098,0.2343,0.3674,0.1265,0.0766,0.2147,0.1403,0.1386
460000,海南省,2014,1.3973,1.3832,0.8894,0.0949,0.2196,0.366,0.1242,0.0847,0.2221,0.1288,0.1429
460000,海南省,2013,1.3513,1.3288,0.8458,0.0921,0.2028,0.3196,0.1626,0.0687,0.221,0.1237,0.1383
460000,海南省,2012,1.3188,1.2942,0.829,0.0864,0.1943,0.3004,0.1653,0.0826,0.2025,0.1326,0.1301
460000,海南省,2011,1.2913,1.2581,0.8027,0.0782,0.1862,0.2649,0.1931,0.0803,0.1934,0.1387,0.1233
460000,海南省,2010,1.236,1.2013,0.7798,0.0729,0.168,0.2593,0.1934,0.0862,0.1697,0.1289,0.1229
460000,海南省,2009,1.1666,1.1292,0.7303,0.061,0.1539,0.2125,0.1971,0.1058,0.1619,0.1205,0.1165
460000,海南省,2008,1.0615,1.0268,0.6653,0.0551,0.1451,0.1902,0.189,0.0859,0.1487,0.1112,0.1016
460000,海南省,2007,0.9634,,0.5823,0.0469,0.1383,0.1568,0.1768,0.0635,,,
460000,海南省,2006,0.8532,,0.5227,0.0484,0.1333,0.1465,0.1489,0.0456,,,
460000,海南省,2005,0.7698,,0.462,,,,,,,,
460000,海南省,2004,0.6311,,0.3733,,,,,,,,
460000,海南省,2003,0.5157,,0.2699,,,,,,,,
460000,海南省,2002,0.4356,,0.2125,,,,,,,,
460000,海南省,2001,0.3885,,0.164,,,,,,,,
460000,海南省,2000,0.3848,,0.1571,,,,,,,,
500000,重庆市,2019,6.1954,6.0275,4.5537,0.5516,1.2891,1.8454,0.4842,0.3834,0.8388,0.3965,0.2385
500000,重庆市,2018,5.9521,5.795,4.2946,0.5137,1.2278,1.7584,0.4717,0.323,0.8223,0.4141,0.264
500000,重庆市,2017,5.8388,5.6668,4.1708,0.4924,1.1999,1.723,0.4519,0.3036,0.7998,0.4205,0.2757
500000,重庆市,2016,5.7453,5.5684,4.0583,0.4595,1.1684,1.6742,0.4685,0.2877,0.7909,0.4203,0.2989
500000,重庆市,2015,5.6283,5.4505,3.9891,0.445,1.1409,1.6296,0.502,0.2716,0.7613,0.4006,0.2995
500000,重庆市,2014,5.5406,5.3529,3.8944,0.4298,1.0752,1.5784,0.5331,0.2779,0.7444,0.3818,0.3323
500000,重庆市,2013,5.379,5.1868,3.713,0.4078,1.0225,1.5105,0.5039,0.2683,0.747,0.3828,0.344
500000,重庆市,2012,5.2932,5.0939,3.5744,0.3757,0.994,1.4706,0.5261,0.208,0.7554,0.4058,0.3583
500000,重庆市,2011,5.0119,4.7977,3.311,0.3506,0.9393,1.3517,0.4881,0.1813,0.7416,0.3911,0.354
500000,重庆市,2010,4.8356,4.5968,3.107,0.3217,0.8933,1.2466,0.4943,0.1511,0.7303,0.4067,0.3528
500000,重庆市,2009,4.7173,4.4406,2.9883,0.2884,0.8428,1.2001,0.5128,0.1442,0.689,0.3937,0.3696
500000,重庆市,2008,4.5596,4.2527,2.8398,0.2632,0.7892,1.1573,0.4915,0.1386,0.6585,0.3899,0.3645
500000,重庆市,2007,4.2707,,2.6089,0.2411,0.7277,1.0128,0.5123,0.115,,,
500000,重庆市,2006,4.0022,,2.3717,0.212,0.6663,0.8714,0.4794,0.1426,,,
500000,重庆市,2005,3.5787,,2.0184,,,,,,,,
500000,重庆市,2004,3.3407,,1.8214,,,,,,,,
500000,重庆市,2003,3.0678,,1.579,,,,,,,,
500000,重庆市,2002,2.8412,,1.3954,,,,,,,,
500000,重庆市,2001,2.7334,,1.2125,,,,,,,,
500000,重庆市,2000,2.497,,1.0449,,,,,,,,
510000,四川省,2019,12.8111,12.2648,8.9796,1.009,2.435,3.3911,1.521,0.6235,1.6816,0.9621,0.6415
510000,四川省,2018,12.5535,12.0431,8.6997,0.9666,2.3447,3.3201,1.4987,0.5696,1.6513,0.9714,0.7207
510000,四川省,2017,12.1894,11.6446,8.3949,0.9011,2.2568,3.2077,1.4684,0.5609,1.5428,0.9397,0.7672
510000,四川省,2016,12.3931,11.8289,8.5832,0.9128,2.2624,3.3418,1.5235,0.5427,1.5403,0.9514,0.754
510000,四川省,2015,12.2099,11.6088,8.443,0.8876,2.2004,3.297,1.506,0.552,1.4502,0.9029,0.8127
510000,四川省,2014,11.9257,11.3203,8.1404,0.8604,2.1394,3.1871,1.4304,0.5231,1.4368,0.8971,0.846
510000,四川省,2013,11.3553,10.7835,7.6795,0.8002,1.9794,3.0564,1.3788,0.4647,1.36,0.8756,0.8684
510000,四川省,2012,11.0033,10.4122,7.3137,0.7416,1.8837,2.9585,1.3183,0.4116,1.3224,0.8999,0.8762
510000,四川省,2011,10.3433,9.7214,6.7448,0.6711,1.7433,2.766,1.1949,0.3695,1.2414,0.8776,0.8576
510000,四川省,2010,10.0503,9.4096,6.4991,0.6311,1.6872,2.5663,1.3032,0.3113,1.197,0.887,0.8265
510000,四川省,2009,9.7568,9.0699,6.1772,0.5732,1.5989,2.3643,1.3635,0.2773,1.1927,0.8569,0.8431
510000,四川省,2008,9.5432,8.8409,5.9174,0.5559,1.5022,2.1976,1.353,0.3087,1.1963,0.8528,0.8744
510000,四川省,2007,9.2599,,5.5903,0.4942,1.4196,1.9857,1.3787,0.3121,,,
510000,四川省,2006,8.8782,,5.2211,0.4599,1.3511,1.785,1.3065,0.3186,,,
510000,四川省,2005,7.8764,,4.4854,,,,,,,,
510000,四川省,2004,7.1619,,3.9306,,,,,,,,
510000,四川省,2003,6.2457,,3.1372,,,,,,,,
510000,四川省,2002,5.6165,,2.6852,,,,,,,,
510000,四川省,2001,5.0991,,2.1984,,,,,,,,
510000,四川省,2000,4.6092,,1.8418,,,,,,,,
520000,贵州省,2019,5.1928,5.1272,3.7753,0.3752,1.1824,1.0947,0.5672,0.5558,0.7247,0.4216,0.2056
520000,贵州省,2018,5.005,4.9441,3.6243,0.3444,1.1193,1.0492,0.6097,0.5017,0.7509,0.3641,0.2048
520000,贵州省,2017,4.7896,4.7273,3.5072,0.3329,1.1079,1.0329,0.5881,0.4454,0.6839,0.3536,0.1826
520000,贵州省,2016,4.5028,4.4493,3.3087,0.3002,1.0568,1.0494,0.5179,0.3844,0.6162,0.3378,0.1866
520000,贵州省,2015,4.2097,4.1581,3.0515,0.293,0.95,0.9717,0.4533,0.3835,0.6105,0.3225,0.1736
520000,贵州省,2014,3.8899,3.8405,2.8144,0.267,0.8681,0.9183,0.4264,0.3346,0.5837,0.2638,0.1786
520000,贵州省,2013,3.5102,3.4663,2.5351,0.2499,0.8008,0.8867,0.3549,0.2428,0.5054,0.2609,0.1649
520000,贵州省,2012,3.2153,3.1796,2.2803,0.2148,0.704,0.8595,0.3266,0.1754,0.4565,0.2718,0.171
520000,贵州省,2011,3.1121,3.0682,2.1855,0.2022,0.6465,0.8731,0.3308,0.1329,0.4509,0.2612,0.1706
520000,贵州省,2010,2.9721,2.915,2.0351,0.1785,0.5835,0.8264,0.3255,0.1212,0.4403,0.2606,0.179
520000,贵州省,2009,2.9006,2.8277,1.9634,0.1601,0.5593,0.7621,0.3271,0.1548,0.4229,0.2506,0.1908
520000,贵州省,2008,2.7211,2.6463,1.8037,0.1424,0.5251,0.6971,0.3246,0.1145,0.4162,0.2432,0.1832
520000,贵州省,2007,2.629,,1.6964,0.1256,0.4656,0.6373,0.3608,0.1071,,,
520000,贵州省,2006,2.5492,,1.5398,0.1086,0.4121,0.5704,0.3315,0.1172,,,
520000,贵州省,2005,2.3664,,1.4353,,,,,,,,
520000,贵州省,2004,2.2597,,1.3792,,,,,,,,
520000,贵州省,2003,2.04,,1.1775,,,,,,,,
520000,贵州省,2002,2.0097,,1.1079,,,,,,,,
520000,贵州省,2001,1.7959,,0.9007,,,,,,,,
520000,贵州省,2000,1.4884,,0.724,,,,,,,,
530000,云南省,2019,5.6594,5.585,4.1506,0.4238,1.1721,1.5616,0.6018,0.3913,0.7326,0.4221,0.2797
530000,云南省,2018,5.4832,5.3893,4.0102,0.4247,1.1146,1.4932,0.5852,0.3925,0.7094,0.4066,0.2631
530000,云南省,2017,5.3533,5.2542,3.9271,0.4127,1.0811,1.4763,0.6159,0.3411,0.656,0.399,0.2721
530000,云南省,2016,5.2559,5.1573,3.8924,0.4008,1.0455,1.453,0.6546,0.3385,0.5968,0.386,0.2821
530000,云南省,2015,5.0303,4.9283,3.694,0.3906,1.0033,1.3916,0.6129,0.2956,0.5686,0.3654,0.3003
530000,云南省,2014,4.8337,4.7324,3.5396,0.3776,0.9615,1.3353,0.5862,0.279,0.534,0.3493,0.3095
530000,云南省,2013,4.7592,4.6438,3.4421,0.3602,0.9148,1.2917,0.5827,0.2927,0.5263,0.3394,0.336
530000,云南省,2012,4.4901,4.365,3.1322,0.3271,0.8549,1.219,0.5113,0.2199,0.5461,0.3542,0.3325
530000,云南省,2011,4.3195,4.1891,2.9501,0.3057,0.7991,1.1438,0.4909,0.2106,0.5448,0.343,0.3512
530000,云南省,2010,3.9676,3.8269,2.6498,0.2729,0.7391,1.037,0.4433,0.1575,0.5321,0.3392,0.3058
530000,云南省,2009,3.7896,3.6339,2.4893,0.2411,0.686,0.9462,0.486,0.13,0.4997,0.3444,0.3005
530000,云南省,2008,3.6255,3.4543,2.3276,0.22,0.6438,0.8364,0.5089,0.1185,0.4825,0.327,0.3172
530000,云南省,2007,3.3911,,2.1233,0.1902,0.588,0.7407,0.48,0.1244,,,
530000,云南省,2006,3.1928,,1.9402,0.1693,0.5518,0.6755,0.434,0.1096,,,
530000,云南省,2005,2.8894,,1.6819,,,,,,,,
530000,云南省,2004,2.753,,1.5162,,,,,,,,
530000,云南省,2003,2.3662,,1.2236,,,,,,,,
530000,云南省,2002,2.2026,,1.1152,,,,,,,,
530000,云南省,2001,2.0876,,0.9982,,,,,,,,
530000,云南省,2000,1.9847,,0.9237,,,,,,,,
540000,西藏自治区,2019,0.3813,0.3749,0.261,0.0291,0.0784,0.1069,0.0325,0.0141,0.0626,0.0329,0.0184
540000,西藏自治区,2018,0.3788,0.3718,0.2629,0.0245,0.0785,0.1051,0.0385,0.0163,0.0598,0.0305,0.0186
540000,西藏自治区,2017,0.3707,0.3623,0.2484,0.0236,0.0807,0.099,0.0334,0.0117,0.0586,0.0352,0.0201
540000,西藏自治区,2016,0.3663,0.3618,0.2467,0.0194,0.0773,0.0989,0.0342,0.0169,0.0577,0.0367,0.0207
540000,西藏自治区,2015,0.3643,0.3571,0.2619,0.0187,0.0779,0.109,0.0443,0.012,0.0484,0.0219,0.0249
540000,西藏自治区,2014,0.364,0.3567,0.2601,0.0221,0.0851,0.1001,0.0424,0.0104,0.0478,0.0234,0.0254
540000,西藏自治区,2013,0.3623,0.3561,0.2472,0.0183,0.0781,0.1018,0.0378,0.0112,0.0479,0.0309,0.0301
540000,西藏自治区,2012,0.3485,0.3442,0.2369,0.0141,0.0647,0.0993,0.0424,0.0164,0.0529,0.0252,0.0292
540000,西藏自治区,2011,0.346,0.3428,0.2288,0.0114,0.0575,0.0966,0.0369,0.0264,0.0528,0.0304,0.0308
540000,西藏自治区,2010,0.3312,0.3286,0.2195,0.0088,0.0535,0.0856,0.0404,0.0312,0.05,0.0286,0.0305
540000,西藏自治区,2009,0.3082,0.3045,0.1969,0.0083,0.0474,0.0719,0.0461,0.0232,0.054,0.0215,0.0321
540000,西藏自治区,2008,0.299,0.2962,0.1877,0.0077,0.0421,0.0704,0.0413,0.0262,0.0528,0.0209,0.0348
540000,西藏自治区,2007,0.2888,,0.1755,0.0071,0.0377,0.0641,0.048,0.0186,,,
540000,西藏自治区,2006,0.2669,,0.1673,0.0067,0.0343,0.0554,0.0496,0.0213,,,
540000,西藏自治区,2005,0.2033,,0.1187,,,,,,,,
540000,西藏自治区,2004,0.1913,,0.1081,,,,,,,,
540000,西藏自治区,2003,0.1794,,0.0972,,,,,,,,
540000,西藏自治区,2002,0.1829,,0.0885,,,,,,,,
540000,西藏自治区,2001,0.1836,,0.0867,,,,,,,,
540000,西藏自治区,2000,0.1673,,0.0813,,,,,,,,
610000,陕西省,2019,10.7917,10.276,7.0318,0.9752,2.2243,2.8062,0.6813,0.3448,1.6492,1.0357,0.5593
610000,陕西省,2018,10.6096,10.1065,6.8459,0.918,2.0973,2.7573,0.7125,0.3608,1.6268,1.0346,0.5992
610000,陕西省,2017,10.3994,9.88,6.693,0.8802,1.9909,2.7235,0.7451,0.3533,1.5549,0.9816,0.6505
610000,陕西省,2016,10.3453,9.8408,6.6133,0.8452,1.8917,2.7021,0.8172,0.3571,1.5227,0.9812,0.7236
610000,陕西省,2015,10.3911,9.8623,6.6506,0.8246,1.8521,2.7542,0.8686,0.3511,1.452,0.9818,0.7779
610000,陕西省,2014,10.3332,9.7648,6.497,0.7965,1.7679,2.7419,0.9018,0.2889,1.4282,0.9941,0.8455
610000,陕西省,2013,10.2017,9.7194,6.4171,0.777,1.7442,2.6471,0.9387,0.3101,1.4037,1.0007,0.8979
610000,陕西省,2012,10.0881,9.5401,6.15,0.7459,1.659,2.5434,0.9999,0.2018,1.4075,1.0429,0.9397
610000,陕西省,2011,9.901,9.3213,5.9171,0.7129,1.5775,2.3826,1.0161,0.228,1.4256,1.0312,0.9474
610000,陕西省,2010,9.8536,9.2579,5.8288,0.6907,1.5534,2.2964,1.0493,0.239,1.4396,1.0089,0.9806
610000,陕西省,2009,9.6485,9.0104,5.6171,0.6415,1.4825,2.125,1.103,0.2651,1.4224,0.9432,1.0277
610000,陕西省,2008,9.4196,8.7137,5.374,0.6146,1.4352,1.9487,1.1213,0.2542,1.4398,0.9644,0.9355
610000,陕西省,2007,9.0306,,5.0741,0.5699,1.3489,1.7922,1.1078,0.2553,,,
610000,陕西省,2006,8.7981,,4.7549,0.5382,1.3067,1.5886,1.014,0.3074,,,
610000,陕西省,2005,8.2317,,4.2864,,,,,,,,
610000,陕西省,2004,7.4607,,3.7145,,,,,,,,
610000,陕西省,2003,6.7527,,3.0696,,,,,,,,
610000,陕西省,2002,6.3412,,2.7637,,,,,,,,
610000,陕西省,2001,5.8846,,2.3613,,,,,,,,
610000,陕西省,2000,5.222,,2.0723,,,,,,,,
620000,甘肃省,2019,4.1221,3.9463,2.9755,0.3925,0.9832,1.1443,0.292,0.1635,0.4864,0.2738,0.2106
620000,甘肃省,2018,4.0803,3.8846,2.8939,0.3534,0.9601,1.1277,0.3218,0.1309,0.5095,0.2689,0.2123
620000,甘肃省,2017,4.1179,3.8281,2.8474,0.3313,0.937,1.1086,0.3464,0.1241,0.5117,0.253,0.216
620000,甘肃省,2016,3.9256,3.6051,2.6731,0.3228,0.8867,0.9865,0.335,0.1421,0.4734,0.2401,0.2185
620000,甘肃省,2015,3.8641,3.5185,2.6132,0.3065,0.8178,0.9928,0.3556,0.1405,0.427,0.2545,0.2238
620000,甘肃省,2014,3.6944,3.4557,2.5283,0.2949,0.7661,0.9746,0.3324,0.1603,0.4233,0.2588,0.2453
620000,甘肃省,2013,3.5582,3.3403,2.4384,0.265,0.7076,0.9568,0.3623,0.1467,0.3966,0.268,0.2373
620000,甘肃省,2012,3.4571,3.2276,2.3232,0.2426,0.6652,0.923,0.3639,0.1285,0.392,0.2748,0.2376
620000,甘肃省,2011,3.3886,3.1355,2.2066,0.2221,0.6308,0.8656,0.3529,0.1352,0.3983,0.2753,0.2553
620000,甘肃省,2010,3.2865,3.0216,2.0761,0.1956,0.5856,0.7753,0.3943,0.1253,0.4026,0.2858,0.2571
620000,甘肃省,2009,3.1576,2.8895,1.9629,0.1739,0.5399,0.7325,0.4049,0.1117,0.3919,0.2792,0.2555
620000,甘肃省,2008,3.0708,2.7983,1.8581,0.1631,0.5121,0.6528,0.4027,0.1274,0.3929,0.2818,0.2655
620000,甘肃省,2007,2.9568,,1.7439,0.1528,0.4728,0.6053,0.4143,0.0987,,,
620000,甘肃省,2006,2.8197,,1.6105,0.1375,0.4373,0.5196,0.4213,0.0948,,,
620000,甘肃省,2005,2.6019,,1.4816,,,,,,,,
620000,甘肃省,2004,2.4544,,1.3727,,,,,,,,
620000,甘肃省,2003,2.3012,,1.2274,,,,,,,,
620000,甘肃省,2002,2.0149,,1.0021,,,,,,,,
620000,甘肃省,2001,1.9189,,0.8826,,,,,,,,
620000,甘肃省,2000,1.6557,,0.7208,,,,,,,,
630000,青海省,2019,0.7005,0.6766,0.4767,0.0752,0.1514,0.1375,0.0744,0.0382,0.0871,0.0764,0.0364
630000,青海省,2018,0.7046,0.6762,0.4746,0.0752,0.1494,0.1228,0.0803,0.0469,0.0826,0.0783,0.0407
630000,青海省,2017,0.6911,0.6644,0.4671,0.0799,0.1501,0.1027,0.0731,0.0613,0.0817,0.0729,0.0427
630000,青海省,2016,0.6625,0.6351,0.434,0.0793,0.1443,0.096,0.0628,0.0516,0.081,0.076,0.0441
630000,青海省,2015,0.6357,0.6059,0.4127,0.0796,0.1426,0.097,0.0504,0.0431,0.0753,0.0682,0.0497
630000,青海省,2014,0.6182,0.5882,0.392,0.0732,0.1314,0.1036,0.0467,0.0371,0.0754,0.0677,0.0531
630000,青海省,2013,0.6851,0.5934,0.3785,0.0787,0.1323,0.1039,0.0434,0.0202,0.0806,0.074,0.0603
630000,青海省,2012,0.6668,0.5899,0.3717,0.0763,0.1313,0.1037,0.0472,0.0132,0.0847,0.0716,0.0619
630000,青海省,2011,0.6677,0.5957,0.3735,0.0647,0.131,0.1076,0.0542,0.016,0.0759,0.0831,0.0632
630000,青海省,2010,0.6682,0.5973,0.3731,0.0566,0.1336,0.1096,0.0548,0.0185,0.0761,0.0817,0.0664
630000,青海省,2009,0.6418,0.5958,0.3757,0.049,0.139,0.1097,0.0546,0.0234,0.073,0.0791,0.068
630000,青海省,2008,0.6242,0.5646,0.3368,0.0446,0.1283,0.1011,0.0448,0.018,0.086,0.0722,0.0696
630000,青海省,2007,0.6127,,0.3156,0.0368,0.1236,0.1035,0.0403,0.0114,,,
630000,青海省,2006,0.6038,,0.3296,0.0313,0.112,0.1234,0.0487,0.0142,,,
630000,青海省,2005,0.583,,0.3051,,,,,,,,
630000,青海省,2004,0.582,,0.3079,,,,,,,,
630000,青海省,2003,0.5589,,0.2769,,,,,,,,
630000,青海省,2002,0.5314,,0.258,,,,,,,,
630000,青海省,2001,0.4669,,0.2094,,,,,,,,
630000,青海省,2000,0.4229,,0.2107,,,,,,,,
640000,宁夏回族自治区,2019,1.1756,1.1397,0.8422,0.1448,0.2432,0.2421,0.1323,0.0798,0.1547,0.0871,0.0557
640000,宁夏回族自治区,2018,1.1629,1.1271,0.8185,0.1419,0.2314,0.2142,0.1486,0.0824,0.1586,0.0879,0.0621
640000,宁夏回族自治区,2017,1.1695,1.1321,0.8196,0.1393,0.2352,0.2068,0.1481,0.0902,0.1568,0.0929,0.0628
640000,宁夏回族自治区,2016,1.1584,1.1208,0.8044,0.1363,0.2281,0.2149,0.1352,0.0899,0.1601,0.0928,0.0635
640000,宁夏回族自治区,2015,1.1469,1.1065,0.7987,0.1269,0.2219,0.2237,0.1206,0.1056,0.1538,0.089,0.065
640000,宁夏回族自治区,2014,1.1261,1.085,0.7759,0.1213,0.2176,0.2203,0.1257,0.091,0.1532,0.0846,0.0713
640000,宁夏回族自治区,2013,1.0486,1.0051,0.7111,0.1024,0.1936,0.224,0.0979,0.0932,0.1474,0.0835,0.0631
640000,宁夏回族自治区,2012,1.0202,0.9744,0.6632,0.0946,0.1877,0.2223,0.1084,0.0502,0.1556,0.0878,0.0678
640000,宁夏回族自治区,2011,0.9637,0.9167,0.6156,0.0856,0.1743,0.2138,0.0992,0.0427,0.1456,0.087,0.0685
640000,宁夏回族自治区,2010,0.9174,0.869,0.5866,0.0761,0.1681,0.2027,0.106,0.0337,0.1391,0.0783,0.065
640000,宁夏回族自治区,2009,0.8599,0.8107,0.5136,0.0553,0.1525,0.1756,0.0894,0.0408,0.1406,0.0932,0.0633
640000,宁夏回族自治区,2008,0.8365,0.7869,0.4915,0.0498,0.1459,0.1626,0.1027,0.0305,0.1377,0.0938,0.0639
640000,宁夏回族自治区,2007,0.7865,,0.4563,0.0434,0.1384,0.1462,0.1061,0.0222,,,
640000,宁夏回族自治区,2006,0.7585,,0.4358,0.0396,0.1346,0.1429,0.0842,0.0345,,,
640000,宁夏回族自治区,2005,0.7177,,0.4059,,,,,,,,
640000,宁夏回族自治区,2004,0.6684,,0.3699,,,,,,,,
640000,宁夏回族自治区,2003,0.6383,,0.3415,,,,,,,,
640000,宁夏回族自治区,2002,0.508,,0.2659,,,,,,,,
640000,宁夏回族自治区,2001,0.4782,,0.2393,,,,,,,,
640000,宁夏回族自治区,2000,0.3996,,0.1894,,,,,,,,
650000,新疆维吾尔自治区,2019,3.2571,3.226,2.1798,0.1472,0.5613,0.8288,0.2521,0.3904,0.4793,0.273,0.2939
650000,新疆维吾尔自治区,2018,3.0812,3.0497,2.0797,0.1491,0.5724,0.8508,0.2222,0.2852,0.459,0.2501,0.2609
650000,新疆维吾尔自治区,2017,3.0349,3.0013,2.0601,0.1482,0.5899,0.855,0.2128,0.2542,0.4368,0.2501,0.2543
650000,新疆维吾尔自治区,2016,2.9797,2.9399,2.001,0.1361,0.5789,0.8492,0.2092,0.2276,0.4344,0.2398,0.2647
650000,新疆维吾尔自治区,2015,2.8893,2.847,1.9374,0.1333,0.5602,0.8373,0.1921,0.2145,0.4176,0.2257,0.2663
650000,新疆维吾尔自治区,2014,2.9377,2.8859,1.9081,0.1277,0.5446,0.8237,0.2157,0.1964,0.4394,0.2347,0.3037
650000,新疆维吾尔自治区,2013,2.8781,2.826,1.8327,0.1209,0.513,0.8151,0.2191,0.1646,0.4174,0.2437,0.3322
650000,新疆维吾尔自治区,2012,2.7885,2.7334,1.757,0.1226,0.5187,0.7748,0.2145,0.1264,0.4094,0.2371,0.3299
650000,新疆维吾尔自治区,2011,2.7629,2.7056,1.7256,0.1152,0.5013,0.7558,0.2404,0.1129,0.4049,0.2488,0.3263
650000,新疆维吾尔自治区,2010,2.677,2.6253,1.6506,0.1011,0.4642,0.7303,0.256,0.099,0.4023,0.2403,0.3321
650000,新疆维吾尔自治区,2009,2.6635,2.584,1.6234,0.0924,0.4516,0.6973,0.2712,0.1109,0.3948,0.2384,0.3274
650000,新疆维吾尔自治区,2008,2.6731,2.5936,1.5755,0.0855,0.433,0.6678,0.2813,0.1079,0.4208,0.2492,0.3481
650000,新疆维吾尔自治区,2007,2.649,,1.5096,0.0772,0.4221,0.6569,0.2528,0.1006,,,
650000,新疆维吾尔自治区,2006,2.5267,,1.3783,0.0685,0.3895,0.5871,0.2476,0.0856,,,
650000,新疆维吾尔自治区,2005,2.3492,,1.2733,,,,,,,,
650000,新疆维吾尔自治区,2004,2.3265,,1.2239,,,,,,,,
650000,新疆维吾尔自治区,2003,2.2031,,1.0913,,,,,,,,
650000,新疆维吾尔自治区,2002,2.151,,1.0369,,,,,,,,
650000,新疆维吾尔自治区,2001,1.9369,,0.9123,,,,,,,,
650000,新疆维吾尔自治区,2000,1.7892,,0.7924,,,,,,,,
