省份编码,省份,年份,普通高等学校数(所),普通高等学校招生数(万人),普通高等学校本科招生数(万人),普通高等学校专科招生数(万人),普通高等学校在校学生数(万人),普通高等学校本科在校学生数(万人),普通高等学校专科在校学生数(万人),普通高等学校预计毕业生数(万人),普通高等学校本科预计毕业生数(万人),普通高等学校专科预计毕业生数(万人),普通高等学校毕(结)业生数(万人),普通高等学校本科毕(结)业生数(万人),普通高等学校专科毕(结)业生数(万人),普通高等学校本专科授予学位数(万人)
110000,北京市,2019,93.0,15.2239,13.0851,2.1388,60.1545,52.7417,7.4128,15.7743,13.0719,2.7024,14.7074,12.1066,2.6008,12.019
110000,北京市,2018,92.0,15.1952,13.006,2.1892,59.4933,52.0899,7.4034,15.5891,12.866,2.7231,14.9183,12.0258,2.8925,11.8827
110000,北京市,2017,92.0,15.0511,12.8213,2.2298,59.2878,51.5269,7.7609,15.821,12.778,3.043,15.5444,12.1362,3.4082,11.9482
110000,北京市,2016,91.0,15.115,12.7715,2.3435,59.9188,51.1754,8.7434,16.2698,12.7542,3.5156,15.5327,12.0007,3.532,11.7728
110000,北京市,2015,91.0,15.351,12.6283,2.7227,60.3557,50.5674,9.7883,16.2402,12.5413,3.6989,15.4449,11.7651,3.6798,11.5735
110000,北京市,2014,89.0,15.6928,12.5328,3.16,60.4578,49.9256,10.5322,16.0603,12.252,3.8083,14.9231,11.5102,3.4129,11.311
110000,北京市,2013,89.0,15.9813,12.5282,3.4531,59.8904,49.1776,10.7128,15.5595,12.007,3.5525,15.0929,11.4149,3.678,11.2233
110000,北京市,2012,89.0,15.8602,12.2651,3.5951,59.1243,48.293,10.8313,15.6992,3.7853,11.9139,15.5233,11.3785,4.1448,11.1796
110000,北京市,2011,87.0,15.6862,12.0365,3.6497,58.7887,47.5492,11.2395,16.0529,11.8225,4.2304,15.3663,11.1248,4.2415,10.8719
110000,北京市,2010,87.0,15.5137,11.9821,3.5316,58.7106,46.7973,11.9133,15.9042,11.595,4.3092,15.2659,11.0081,4.2578,10.372
110000,北京市,2009,86.0,15.9829,11.8528,4.1301,58.6685,46.1369,12.5316,15.8196,11.4993,4.3203,15.5142,11.2128,4.3014,10.2164
110000,北京市,2008,85.0,15.6092,11.3683,4.2409,58.5624,45.9045,12.6579,16.0265,11.6409,4.3856,15.2179,10.5299,4.688,9.3842
110000,北京市,2007,79.0,15.7387,11.3961,4.3426,57.8206,44.7467,13.0739,15.6295,10.877,4.7525,14.199,9.7437,4.4553,8.8343
110000,北京市,2006,80.0,15.4074,11.1392,4.2682,56.5779,43.559,13.0189,14.7751,10.2977,4.4774,13.549,9.4003,4.1487,8.2649
110000,北京市,2005,77.0,15.886,11.1487,4.7373,54.827,41.9521,12.8749,14.1316,9.8419,4.2897,12.0016,8.7067,3.2949,7.9079
110000,北京市,2004,77.0,14.4294,,,49.9524,,,,,,10.013,,,
110000,北京市,2003,73.0,14.179,,,45.448,,,,,,8.2828,,,
110000,北京市,2002,62.0,12.7597,,,39.57,,,,,,6.7958,,,
110000,北京市,2001,61.0,11.5379,,,33.6484,,,,,,5.6221,,,
110000,北京市,2000,58.0,9.7736,,,28.0282,,,,,,5.1931,,,
120000,天津市,2019,56.0,14.8877,9.0245,5.8632,53.9366,35.9897,17.9469,14.7852,8.8215,5.9637,13.7063,7.9655,5.7408,7.7974
120000,天津市,2018,56.0,14.2116,8.91,5.3016,52.3349,35.0646,17.2703,14.355,8.4263,5.9287,13.8789,7.8461,6.0328,7.6338
120000,天津市,2017,57.0,13.8679,8.5746,5.2933,51.4669,34.1775,17.2894,14.3621,8.3296,6.0325,13.9162,7.901,6.0152,7.7623
120000,天津市,2016,55.0,13.9027,8.5066,5.3961,51.3842,33.7252,17.659,14.5275,8.3379,6.1896,13.7906,7.959,5.8316,7.6383
120000,天津市,2015,55.0,13.8637,8.211,5.6527,51.2854,33.4106,17.8748,14.3804,8.4014,5.979,13.2072,7.5586,5.6486,7.2662
120000,天津市,2014,55.0,13.9187,8.1103,5.8084,50.5795,32.9233,17.6562,13.7339,7.9342,5.7997,12.3505,7.3195,5.031,7.0302
120000,天津市,2013,55.0,13.8556,8.1851,5.6705,48.9919,32.317,16.6749,12.8204,7.6521,5.1683,12.0996,6.716,5.3836,6.4913
120000,天津市,2012,55.0,13.7223,8.1275,5.5948,47.3114,31.0599,16.2515,12.5076,5.4593,7.0483,11.3034,6.2187,5.0847,6.068
120000,天津市,2011,55.0,13.1227,7.8216,5.3011,44.9702,29.3535,15.6167,11.6487,6.4941,5.1546,10.8723,5.7143,5.158,5.5244
120000,天津市,2010,55.0,12.8608,7.6379,5.2229,42.9224,27.3616,15.5608,11.2133,6.009,5.2043,10.5354,5.5698,4.9656,5.3464
120000,天津市,2009,55.0,11.8807,7.0865,4.7942,40.5968,25.5643,15.0325,10.8441,5.8279,5.0162,10.1369,5.3377,4.7992,5.0542
120000,天津市,2008,55.0,11.1048,6.4,4.7048,38.6437,24.051,14.5927,10.4395,5.5899,4.8496,10.1728,4.9951,5.1777,4.6475
120000,天津市,2007,46.0,10.6054,6.0477,4.5577,37.1136,22.7082,14.4054,10.5338,5.266,5.2678,9.2288,4.3753,4.8535,4.0187
120000,天津市,2006,45.0,10.2481,5.6392,4.6089,35.7382,21.2526,14.4856,9.4879,4.595,4.8929,8.1983,3.9279,4.2704,3.5443
120000,天津市,2005,42.0,10.3616,5.3013,5.0603,33.1553,19.0629,14.0924,8.4605,4.1481,4.3124,6.9211,3.3759,3.5452,2.8944
120000,天津市,2004,40.0,9.1254,,,28.5655,,,,,,5.17,,,
120000,天津市,2003,37.0,8.6115,,,24.5213,,,,,,4.0221,,,
120000,天津市,2002,37.0,6.9453,,,19.69,,,,,,2.7295,,,
120000,天津市,2001,33.0,5.6066,,,15.3998,,,,,,1.9103,,,
120000,天津市,2000,21.0,4.5468,,,11.9117,,,,,,2.0112,,,
130000,河北省,2019,122.0,46.0879,21.2885,24.7994,147.3971,82.2919,65.1052,39.0663,19.5352,19.5311,35.7831,17.4547,18.3284,17.346
130000,河北省,2018,122.0,38.6504,20.0178,18.6326,134.2631,77.4678,56.7953,36.6194,17.9815,18.6379,33.8771,17.1447,16.7324,17.0031
130000,河北省,2017,121.0,36.5066,18.9114,17.5952,126.8873,73.5827,53.3046,34.5777,17.5493,17.0284,32.9972,17.0408,15.9564,16.8293
130000,河北省,2016,120.0,35.7918,18.2061,17.5857,121.6096,70.8713,50.7383,33.3949,17.3349,16.06,33.5218,16.36,17.1618,16.1485
130000,河北省,2015,118.0,32.912,16.7153,16.1967,117.9172,68.2562,49.661,33.9583,16.6977,17.2606,32.7981,15.8486,16.9495,15.5847
130000,河北省,2014,118.0,31.8201,16.4369,15.3832,116.4341,66.5836,49.8505,33.3704,16.1591,17.2113,34.4518,15.3111,19.1407,15.0645
130000,河北省,2013,118.0,32.5886,16.0751,16.5135,117.4374,64.5385,52.8989,34.9014,15.5624,19.339,33.4278,14.6201,18.8077,14.4468
130000,河北省,2012,113.0,32.1407,15.6118,16.5289,116.8796,62.2629,54.6167,33.6079,18.8327,14.7752,31.5755,13.3511,18.2244,13.0771
130000,河北省,2011,112.0,34.9,15.19,19.71,114.9252,59.1987,55.7265,31.8931,13.5428,18.3503,31.1141,12.0276,19.0865,11.766
130000,河北省,2010,110.0,33.9149,15.6388,18.2761,110.5118,55.2202,55.2916,31.3995,12.2466,19.1529,29.7092,10.8034,18.9058,10.4153
130000,河北省,2009,109.0,32.9224,14.9174,18.005,106.045,50.4983,55.5467,29.9822,10.9607,19.0215,28.2705,9.95,18.3205,9.3158
130000,河北省,2008,105.0,31.0592,12.5702,18.489,100.0033,45.7997,54.2036,28.4297,10.1588,18.2709,27.1335,10.1678,16.9657,9.447
130000,河北省,2007,88.0,29.4659,12.0535,17.4124,93.0516,42.7268,50.3248,27.1316,10.4553,16.6763,24.0674,8.7451,15.3223,7.9172
130000,河北省,2006,88.0,28.5649,10.1457,18.4192,86.2618,39.5381,46.7237,24.6766,8.9152,15.7614,22.1049,8.0631,14.0418,7.3183
130000,河北省,2005,86.0,25.0273,9.3494,15.6779,77.4006,35.1561,42.2445,22.4414,8.235,14.2064,18.0377,6.5451,11.4926,5.9278
130000,河北省,2004,87.0,23.8226,,,69.744,,,,,,14.3148,,,
130000,河北省,2003,83.0,20.3826,,,57.5542,,,,,,11.3442,,,
130000,河北省,2002,75.0,17.0792,,,47.3,,,,,,6.291,,,
130000,河北省,2001,63.0,14.826,,,35.0518,,,,,,4.5871,,,
130000,河北省,2000,51.0,11.1033,,,25.2571,,,,,,4.3473,,,
140000,山西省,2019,82.0,22.9402,12.281,10.6592,80.2005,51.5842,28.6163,22.1293,13.0328,9.0965,21.1772,12.1113,9.0659,11.9349
140000,山西省,2018,83.0,20.1497,12.2038,7.9459,76.558,50.2932,26.2648,21.4996,12.2914,9.2082,21.6596,11.7525,9.9071,11.6119
140000,山西省,2017,80.0,20.3277,12.1102,8.2175,76.2974,48.8394,27.458,21.9074,11.8607,10.0467,21.0429,11.3275,9.7154,11.1556
140000,山西省,2016,80.0,20.3651,11.9819,8.3832,75.6287,47.4271,28.2016,21.2584,11.4091,9.8493,19.9259,10.1534,9.7725,9.9604
140000,山西省,2015,79.0,21.347,11.6711,9.6759,74.0245,45.1952,28.8293,20.1043,10.2187,9.8856,19.1273,9.1445,9.9828,8.9203
140000,山西省,2014,79.0,20.5525,11.2975,9.255,71.3218,42.1926,29.1292,19.3765,9.1936,10.1829,17.406,8.5406,8.8654,8.3161
140000,山西省,2013,78.0,20.6939,11.0032,9.6907,67.6817,39.0654,28.6163,17.4811,8.5217,8.9594,17.3259,7.6375,9.6884,7.422
140000,山西省,2012,75.0,19.7181,9.8096,9.9085,63.733,35.3737,28.3593,17.4001,9.7524,7.6477,16.2571,7.224,9.0331,7.043
140000,山西省,2011,74.0,17.8393,8.8076,9.0317,59.4469,32.2153,27.2316,16.3162,7.2495,9.0667,15.268,6.5117,8.7563,6.2894
140000,山西省,2010,73.0,18.0748,8.5161,9.5587,56.2924,29.2607,27.0317,15.3886,6.5192,8.8694,16.5545,6.0516,10.5029,5.4484
140000,山西省,2009,71.0,16.5407,7.7734,8.7673,54.7391,26.9977,27.7414,16.6615,6.0523,10.6092,15.3422,5.779,9.5632,5.0702
140000,山西省,2008,69.0,14.7305,6.7154,8.0151,52.6756,25.1133,27.5623,15.4496,5.8578,9.5918,14.1214,5.3285,8.7929,4.6516
140000,山西省,2007,59.0,13.7639,6.5276,7.2363,48.449,23.4326,25.0164,14.1559,5.3809,8.775,13.2101,4.959,8.2511,4.2183
140000,山西省,2006,56.0,14.2398,5.6581,8.5817,44.6428,21.7713,22.8715,13.0794,4.8983,8.1811,10.8431,3.9342,6.9089,3.5518
140000,山西省,2005,59.0,12.7514,5.4418,7.3096,40.7036,19.5628,21.1408,10.8508,3.9919,6.8589,8.8344,3.6769,5.1575,3.2039
140000,山西省,2004,56.0,10.75,,,34.5318,,,,,,5.1118,,,
140000,山西省,2003,45.0,9.1283,,,27.2967,,,,,,4.0779,,,
140000,山西省,2002,39.0,7.5594,,,20.84,,,,,,3.1906,,,
140000,山西省,2001,33.0,5.9975,,,16.5034,,,,,,2.1938,,,
140000,山西省,2000,24.0,4.9428,,,12.5023,,,,,,2.0657,,,
150000,内蒙古自治区,2019,53.0,13.2428,6.3245,6.9183,47.2033,26.4901,20.7132,13.5372,6.711,6.8262,12.4677,6.0353,6.4324,5.8676
150000,内蒙古自治区,2018,53.0,12.2156,6.2764,5.9392,45.5284,25.8781,19.6503,13.1003,6.3486,6.7517,12.2929,5.8014,6.4915,5.6633
150000,内蒙古自治区,2017,53.0,12.2078,6.236,5.9718,44.8092,25.2161,19.5931,12.7958,6.0747,6.7211,11.7798,5.7501,6.0297,5.5965
150000,内蒙古自治区,2016,53.0,12.185,6.256,5.929,43.6699,24.6455,19.0244,12.2672,5.9754,6.2918,11.1516,5.5088,5.6428,5.3343
150000,内蒙古自治区,2015,53.0,11.9001,5.9641,5.936,42.0807,23.9344,18.1463,11.5496,5.7474,5.8022,10.7863,5.4471,5.3392,5.2763
150000,内蒙古自治区,2014,50.0,11.5584,5.8523,5.7061,40.6414,23.4824,17.159,11.18,5.6653,5.5147,11.1723,5.3455,5.8268,5.1769
150000,内蒙古自治区,2013,49.0,11.2409,5.8417,5.3992,39.9201,23.004,16.9161,11.4662,5.4932,5.973,10.8272,5.0275,5.7997,4.9308
150000,内蒙古自治区,2012,48.0,10.5629,5.6217,4.9412,39.1434,22.1873,16.9561,11.1603,5.9939,5.1664,10.5054,4.5711,5.9343,4.4824
150000,内蒙古自治区,2011,47.0,11.4076,5.516,5.8916,38.444,21.1422,17.3018,10.5869,4.6919,5.895,9.5957,4.1321,5.4636,4.0261
150000,内蒙古自治区,2010,44.0,11.2546,5.5663,5.6883,37.1388,19.7649,17.3739,9.831,4.26,5.571,9.4704,3.6201,5.8503,3.4398
150000,内蒙古自治区,2009,41.0,10.9077,5.1613,5.7464,35.1928,17.8627,17.3301,9.6673,3.7224,5.9449,7.5805,3.0823,4.4982,2.947
150000,内蒙古自治区,2008,39.0,9.7846,4.5636,5.221,31.67,15.8682,15.8018,7.9164,3.2567,4.6597,7.3554,3.1956,4.1598,3.0523
150000,内蒙古自治区,2007,37.0,9.3169,4.1479,5.169,28.4057,14.371,14.0347,7.6803,3.4077,4.2726,6.7204,2.9647,3.7557,2.758
150000,内蒙古自治区,2006,37.0,7.9849,3.5073,4.4776,25.2917,13.3085,11.9832,6.8889,3.148,3.7409,5.5653,2.3557,3.2096,2.1889
150000,内蒙古自治区,2005,33.0,7.0913,3.0182,4.0731,23.0902,12.1176,10.9726,5.8204,2.5148,3.3056,3.9474,1.7033,2.2441,1.5717
150000,内蒙古自治区,2004,31.0,7.0091,,,19.8709,,,,,,3.1075,,,
150000,内蒙古自治区,2003,27.0,5.945,,,15.7602,,,,,,2.4919,,,
150000,内蒙古自治区,2002,21.0,4.4624,,,12.07,,,,,,1.5608,,,
150000,内蒙古自治区,2001,20.0,4.0511,,,9.9613,,,,,,1.2317,,,
150000,内蒙古自治区,2000,18.0,3.3456,,,7.1868,,,,,,1.2218,,,
210000,辽宁省,2019,115.0,33.1129,16.945,16.1679,104.1144,69.6797,34.4347,26.3953,17.5373,8.858,25.7106,16.5262,9.1844,16.4001
210000,辽宁省,2018,115.0,25.6017,16.8364,8.7653,96.3208,69.2619,27.0589,26.8813,17.5324,9.3489,27.5875,17.7461,9.8414,17.6259
210000,辽宁省,2017,115.0,24.9805,16.6287,8.3518,98.0995,70.2417,27.8578,28.796,18.7254,10.0706,26.8767,17.4113,9.4654,17.2505
210000,辽宁省,2016,116.0,25.5721,16.6002,8.9719,99.8719,71.0581,28.8138,28.0452,18.3155,9.7297,26.353,16.5851,9.7679,16.4454
210000,辽宁省,2015,116.0,26.3334,16.6,9.7334,100.565,71.0863,29.4787,27.3803,17.3827,9.9976,25.8296,16.0236,9.806,15.8727
210000,辽宁省,2014,116.0,27.3759,18.0487,9.3272,99.8281,70.5124,29.3157,26.7464,16.7502,9.9962,24.751,15.2303,9.5207,15.059
210000,辽宁省,2013,115.0,27.1346,17.5111,9.6235,96.8034,67.5819,29.2215,25.4431,15.7724,9.6707,24.1049,14.6687,9.4362,14.5225
210000,辽宁省,2012,112.0,26.4385,16.8162,9.6223,93.4078,64.5816,28.8262,24.7722,9.5856,15.1866,23.5984,14.7471,8.8513,14.561
210000,辽宁省,2011,112.0,25.9816,16.156,9.8256,90.2231,62.4546,27.7685,24.0881,15.1556,8.9325,23.6341,14.0017,9.6324,13.7482
210000,辽宁省,2010,112.0,24.7451,15.5215,9.2236,88.0247,60.2201,27.8046,24.2607,14.5186,9.7421,21.9564,13.2522,8.7042,12.9467
210000,辽宁省,2009,107.0,23.7906,15.1604,8.6302,85.2467,58.2354,27.0113,22.5854,13.7561,8.8293,20.6211,12.5788,8.0423,12.2321
210000,辽宁省,2008,104.0,23.9475,14.641,9.3065,82.0374,56.1099,25.9275,21.1424,13.0041,8.1383,20.2312,11.1074,9.1238,10.6468
210000,辽宁省,2007,79.0,22.4273,14.3255,8.1018,77.7758,52.672,25.1038,20.792,11.535,9.257,16.9576,9.5693,7.3883,9.0418
210000,辽宁省,2006,78.0,21.4425,13.2409,8.2016,72.0548,48.2502,23.8046,17.672,10.0949,7.5771,15.497,9.0339,6.4631,8.4398
210000,辽宁省,2005,76.0,20.1488,12.2952,7.8536,65.9351,43.9185,22.0166,15.8943,9.3731,6.5212,14.4984,7.9745,6.5239,7.4467
210000,辽宁省,2004,71.0,18.4307,,,58.3465,,,,,,11.5889,,,
210000,辽宁省,2003,70.0,16.3802,,,51.4191,,,,,,9.8908,,,
210000,辽宁省,2002,67.0,15.1116,,,45.05,,,,,,7.2791,,,
210000,辽宁省,2001,66.0,12.7577,,,37.2336,,,,,,6.0271,,,
210000,辽宁省,2000,64.0,11.3319,,,30.7931,,,,,,5.3353,,,
220000,吉林省,2019,62.0,20.3888,12.0651,8.3237,70.0145,49.3437,20.6708,18.1967,12.3615,5.8352,17.1814,11.6628,5.5186,11.5062
220000,吉林省,2018,62.0,17.5543,12.0125,5.5418,65.8327,48.6973,17.1354,17.7314,12.0524,5.679,16.6174,11.3143,5.3031,11.1529
220000,吉林省,2017,62.0,17.1239,11.8321,5.2918,64.3872,47.8823,16.5049,17.1105,11.6748,5.4357,17.0059,11.4984,5.5075,11.2174
220000,吉林省,2016,60.0,17.3218,11.8753,5.4465,64.2263,47.5665,16.6598,17.4472,11.8274,5.6198,16.4912,11.3696,5.1216,11.0216
220000,吉林省,2015,58.0,17.0014,11.7817,5.2197,63.2723,47.1344,16.1379,16.8826,11.6724,5.2102,15.7048,10.9828,4.722,10.6721
220000,吉林省,2014,58.0,16.894,11.4189,5.4751,61.8273,46.3349,15.4924,16.0237,11.2006,4.8231,15.1779,10.4859,4.692,10.1113
220000,吉林省,2013,58.0,16.6248,11.5705,5.0543,59.9526,45.4357,14.5169,15.0948,10.3733,4.7215,14.6379,10.3426,4.2953,9.9708
220000,吉林省,2012,57.0,16.2602,11.546,4.7142,57.8953,44.2327,13.6626,14.7686,4.3231,10.4455,14.6517,9.8078,4.8439,9.3951
220000,吉林省,2011,57.0,16.0052,11.1121,4.8931,56.2831,42.4556,13.8275,14.7616,9.8931,4.8685,14.1569,9.175,4.9819,8.6502
220000,吉林省,2010,56.0,15.1106,10.7472,4.3634,54.4392,40.4872,13.952,14.2741,9.2654,5.0087,13.5951,8.6118,4.9833,7.3599
220000,吉林省,2009,55.0,15.5915,10.6241,4.9674,53.0975,38.6556,14.4419,13.7375,8.7351,5.0024,12.7411,8.8152,3.9259,7.4657
220000,吉林省,2008,55.0,14.7628,9.8481,4.9147,50.4084,37.1062,13.3022,12.864,8.9515,3.9125,11.7946,7.8082,3.9864,5.9838
220000,吉林省,2007,44.0,14.1031,9.4134,4.6897,47.0188,35.0828,11.936,11.9379,7.895,4.0429,10.87,7.15,3.72,6.3417
220000,吉林省,2006,45.0,13.0565,8.5966,4.4599,43.5065,33.029,10.4775,11.1419,7.3234,3.8185,10.2484,6.3445,3.9039,5.7609
220000,吉林省,2005,44.0,12.9393,8.9043,4.035,40.7262,30.6333,10.0929,10.4402,6.4666,3.9736,8.3982,5.2913,3.1069,4.7675
220000,吉林省,2004,42.0,11.1162,,,36.2191,,,,,,6.5011,,,
220000,吉林省,2003,40.0,10.7125,,,31.9504,,,,,,5.2605,,,
220000,吉林省,2002,40.0,8.7968,,,26.47,,,,,,3.7825,,,
220000,吉林省,2001,35.0,7.3646,,,21.7849,,,,,,3.4808,,,
220000,吉林省,2000,34.0,6.7807,,,18.1019,,,,,,3.048,,,
230000,黑龙江省,2019,81.0,23.8738,13.5686,10.3052,77.816,54.2083,23.6077,19.5125,12.9204,6.5921,19.4809,12.2745,7.2064,12.1758
230000,黑龙江省,2018,81.0,19.7866,13.3899,6.3967,73.2082,52.7986,20.4096,19.9622,12.6157,7.3465,20.0701,12.4946,7.5755,12.3964
230000,黑龙江省,2017,81.0,19.5192,13.0031,6.5161,73.4166,51.8129,21.6037,20.4845,12.7718,7.7127,19.7183,12.5363,7.182,12.4278
230000,黑龙江省,2016,82.0,19.7846,12.6134,7.1712,73.5857,51.3947,22.191,20.1155,12.8515,7.264,19.9598,12.7314,7.2284,12.6058
230000,黑龙江省,2015,81.0,19.8547,12.3406,7.5141,73.5151,51.3966,22.1185,20.3473,13.0224,7.3249,19.398,12.4928,6.9052,12.3205
230000,黑龙江省,2014,80.0,19.7057,12.4977,7.208,73.0614,51.5481,21.5133,19.746,12.7251,7.0209,18.5376,11.9246,6.613,11.7141
230000,黑龙江省,2013,80.0,19.7331,12.5341,7.199,71.7856,50.9894,20.7962,18.8077,12.1406,6.6671,18.4085,11.6544,6.7541,11.5093
230000,黑龙江省,2012,79.0,19.697,12.7948,6.9022,70.4538,50.0806,20.3732,18.6698,6.8443,11.8255,20.3792,11.7948,8.5844,11.6672
230000,黑龙江省,2011,78.0,19.5176,12.7229,6.7947,70.9968,48.9535,22.0433,20.5943,11.933,8.6613,19.6075,10.788,8.8195,10.5945
230000,黑龙江省,2010,79.0,19.2665,12.4116,6.8549,71.9117,47.4038,24.5079,19.9078,10.9616,8.9462,18.0982,9.8437,8.2545,9.0965
230000,黑龙江省,2009,78.0,20.3361,12.0389,8.2972,70.8935,45.1652,25.7283,18.3014,10.0032,8.2982,17.438,9.44,7.998,8.9647
230000,黑龙江省,2008,78.0,19.7909,11.2712,8.5197,67.8139,42.455,25.3589,17.7209,9.6422,8.0787,16.9988,9.3304,7.6684,8.7242
230000,黑龙江省,2007,68.0,18.7198,10.9587,7.7611,63.4902,40.0598,23.4304,17.3056,9.4247,7.8809,14.8883,8.0397,6.8486,7.6975
230000,黑龙江省,2006,65.0,17.9327,9.6834,8.2493,59.2,37.3424,21.8576,15.2574,8.2212,7.0362,13.0973,7.3009,5.7964,7.0269
230000,黑龙江省,2005,62.0,16.2842,9.2616,7.0226,54.0867,34.7267,19.36,13.2217,7.4784,5.7433,10.0791,5.8337,4.2454,5.6546
230000,黑龙江省,2004,59.0,14.9781,,,46.5703,,,,,,8.5,,,
230000,黑龙江省,2003,54.0,12.1984,,,39.2246,,,,,,6.905,,,
230000,黑龙江省,2002,47.0,11.5702,,,33.5,,,,,,4.6401,,,
230000,黑龙江省,2001,41.0,9.8162,,,27.1435,,,,,,3.7359,,,
230000,黑龙江省,2000,35.0,7.997,,,21.0146,,,,,,3.518,,,
310000,上海市,2019,64.0,13.9847,9.5721,4.4126,52.6585,39.1302,13.5283,14.6443,10.0282,4.6161,13.1694,8.5641,4.6053,8.4422
310000,上海市,2018,64.0,13.5825,9.5786,4.0039,51.7796,38.3459,13.4337,14.3897,9.5125,4.8772,13.2508,8.5832,4.6676,8.4519
310000,上海市,2017,64.0,13.5592,9.5073,4.0519,51.4917,37.6152,13.8765,14.4227,9.4853,4.9374,13.4207,8.6945,4.7262,8.5166
310000,上海市,2016,64.0,13.7458,9.3146,4.4312,51.4683,37.1266,14.3417,14.6284,9.6508,4.9776,13.2596,8.767,4.4926,8.5486
310000,上海市,2015,67.0,13.6803,8.9218,4.7585,51.1623,36.7233,14.439,14.2131,9.4986,4.7145,12.8711,8.5435,4.3276,8.3241
310000,上海市,2014,68.0,13.7985,8.8424,4.9561,50.6644,36.4679,14.1965,13.8771,9.2992,4.5779,13.2411,8.5103,4.7308,8.3063
310000,上海市,2013,68.0,13.716,9.0189,4.6971,50.4771,36.2742,14.2029,14.0353,9.1174,4.9179,13.3794,8.4636,4.9158,8.2405
310000,上海市,2012,67.0,13.6808,8.9561,4.7247,50.6596,35.9007,14.7589,14.1902,5.13,9.0602,13.6697,8.5714,5.0983,8.3229
310000,上海市,2011,66.0,13.7811,8.7314,5.0497,51.1283,35.7218,15.4065,14.3309,9.0926,5.2383,13.9027,8.4174,5.4853,8.086
310000,上海市,2010,67.0,14.4649,9.1154,5.3495,51.5661,35.494,16.0721,14.4592,8.8673,5.5919,13.3716,7.8331,5.5385,7.4674
310000,上海市,2009,66.0,14.3497,9.0344,5.3153,51.2809,34.7422,16.5387,14.1081,8.4454,5.6627,12.6925,7.1908,5.5017,6.8842
310000,上海市,2008,66.0,14.3328,8.7128,5.62,50.2899,33.3622,16.9277,13.3135,7.6945,5.619,12.2069,6.6742,5.5327,6.4433
310000,上海市,2007,60.0,14.4577,8.7021,5.7556,48.4873,31.4578,17.0295,12.8833,7.235,5.6483,11.8512,6.0485,5.8027,5.6845
310000,上海市,2006,60.0,13.7859,8.0313,5.7546,46.6333,29.2859,17.3474,12.4799,6.5223,5.9576,11.052,5.4383,5.6137,5.0532
310000,上海市,2005,58.0,13.1804,7.3863,5.7941,44.262,26.803,17.459,11.6352,5.8549,5.7803,10.3435,5.1963,5.1472,4.877
310000,上海市,2004,58.0,12.8682,,,41.5701,,,,,,8.86,,,
310000,上海市,2003,56.0,12.0269,,,37.8517,,,,,,7.1158,,,
310000,上海市,2002,50.0,10.9184,,,33.16,,,,,,5.5198,,,
310000,上海市,2001,45.0,9.8579,,,27.9966,,,,,,4.2842,,,
310000,上海市,2000,37.0,8.1328,,,22.6798,,,,,,4.0929,,,
320000,江苏省,2019,167.0,52.2849,27.4259,24.859,187.4084,113.9878,73.4206,53.2288,29.2128,24.016,48.8498,26.6596,22.1902,26.0542
320000,江苏省,2018,167.0,47.8683,27.1837,20.6846,180.6277,112.1239,68.5038,51.385,28.028,23.357,49.1268,26.0106,23.1162,25.3898
320000,江苏省,2017,167.0,45.6629,26.7396,18.9233,176.7877,109.6984,67.0893,51.7918,27.3758,24.416,48.9522,25.2892,23.663,24.6299
320000,江苏省,2016,166.0,45.2701,26.8822,18.3879,174.5847,106.8951,67.6896,51.0184,26.4573,24.5611,48.1554,24.4215,23.7339,23.7518
320000,江苏省,2015,162.0,44.8619,25.6045,19.2574,171.5749,103.2506,68.3243,49.9767,25.5451,24.4316,48.4096,24.5932,23.8164,23.8108
320000,江苏省,2014,159.0,44.4886,25.0613,19.4273,169.8636,101.2643,68.5993,50.1615,25.6398,24.5217,47.8713,24.5558,23.3155,23.4303
320000,江苏省,2013,156.0,43.9506,24.4501,19.5005,168.4455,100.082,68.3635,49.2672,25.2051,24.0621,47.3843,23.6363,23.748,22.7949
320000,江苏省,2012,153.0,43.5047,24.0287,19.476,167.1173,98.4577,68.6596,48.6168,24.1079,24.5089,47.0254,23.1751,23.8503,22.294
320000,江苏省,2011,151.0,43.6056,24.0461,19.5595,165.9415,96.8097,69.1318,48.4568,23.9357,24.5211,47.7137,22.551,25.1627,21.1624
320000,江苏省,2010,150.0,44.8562,25.3057,19.5505,164.943,94.409,70.534,48.8363,23.2469,25.5894,47.8868,19.8903,27.9965,18.4363
320000,江苏省,2009,148.0,42.9825,22.8797,20.1028,165.3427,89.6494,75.6933,49.6032,20.6591,28.9441,41.2672,18.6754,22.5918,17.1555
320000,江苏省,2008,146.0,41.0705,22.1234,18.9471,157.2632,84.8248,72.4384,42.738,19.3794,23.3586,38.0924,16.3807,21.7117,14.6639
320000,江苏省,2007,118.0,40.9503,21.7571,19.1932,147.2317,78.2871,68.9446,40.262,17.164,23.098,30.9593,14.5749,16.3844,12.9831
320000,江苏省,2006,116.0,41.3712,19.0585,22.3127,130.6181,70.9884,59.6297,32.6556,15.459,17.1966,25.7296,12.6203,13.1093,10.8957
320000,江苏省,2005,114.0,36.1479,18.2726,17.8753,115.9795,64.0335,51.946,27.0178,13.074,13.9438,22.9679,11.9375,11.0304,9.9052
320000,江苏省,2004,112.0,31.3649,,,99.4808,,,,,,19.74,,,
320000,江苏省,2003,94.0,25.6595,,,85.9674,,,,,,13.7048,,,
320000,江苏省,2002,93.0,22.288,,,70.02,,,,,,10.4079,,,
320000,江苏省,2001,73.0,21.5734,,,58.5528,,,,,,7.9838,,,
320000,江苏省,2000,69.0,17.2491,,,45.1844,,,,,,7.5643,,,
330000,浙江省,2019,108.0,30.0579,15.1634,14.8945,107.4688,63.6152,43.8536,29.6714,16.0277,13.6437,28.3396,15.1734,13.1662,15.0481
330000,浙江省,2018,108.0,26.7993,15.0858,11.7135,101.9449,62.4707,39.4742,29.7011,16.0982,13.6029,28.0634,14.9271,13.1363,14.7887
330000,浙江省,2017,107.0,25.5635,14.6183,10.9452,100.2346,61.6276,38.607,29.3532,15.7909,13.5623,27.658,14.6131,13.0449,14.4446
330000,浙江省,2016,107.0,25.7892,14.5368,11.2524,99.6143,61.0706,38.5437,28.7237,15.3876,13.3361,27.3342,14.6241,12.7101,14.4075
330000,浙江省,2015,105.0,26.4434,14.7966,11.6468,99.1149,60.8378,38.2771,28.3352,15.2579,13.0773,26.3981,14.0318,12.3663,13.7344
330000,浙江省,2014,104.0,26.7874,14.8487,11.9387,97.8216,59.9978,37.8238,27.304,14.6082,12.6958,25.3708,13.4219,11.9489,13.1611
330000,浙江省,2013,102.0,26.8946,14.7532,12.1414,95.9629,58.741,37.2219,26.2539,13.9796,12.2743,24.486,12.8186,11.6674,12.5495
330000,浙江省,2012,102.0,26.9127,14.9106,12.0021,93.2292,56.9188,36.3104,25.2074,11.8903,13.3171,24.7537,12.6222,12.1315,12.3478
330000,浙江省,2011,102.0,26.7493,14.2387,12.5106,90.7482,54.6291,36.1191,25.3883,13.0679,12.3204,23.8448,11.6841,12.1607,11.3238
330000,浙江省,2010,101.0,25.3562,13.8886,11.4676,88.4867,52.2172,36.2695,24.5408,12.1403,12.4005,23.3741,10.8865,12.4876,10.4227
330000,浙江省,2009,99.0,25.2503,13.2758,11.9745,86.6496,49.6068,37.0428,24.0199,11.3199,12.7,21.8226,9.9008,11.9218,9.4627
330000,浙江省,2008,98.0,24.533,12.7966,11.7364,83.2224,46.6909,36.5315,22.4926,10.3413,12.1513,20.3203,8.9838,11.3365,8.4616
330000,浙江省,2007,73.0,23.0687,12.012,11.0567,77.7982,43.1096,34.6886,21.0595,9.4564,11.6031,18.3863,7.8487,10.5376,7.3503
330000,浙江省,2006,68.0,23.4584,11.1278,12.3306,71.9869,39.3212,32.6657,19.1118,8.3184,10.7934,16.2531,6.751,9.5021,6.316
330000,浙江省,2005,68.0,19.7896,10.0359,9.7537,65.1307,34.9599,30.1708,16.8166,7.1237,9.6929,13.3051,5.4584,7.8467,4.8336
330000,浙江省,2004,67.0,18.2847,,,57.2759,,,,,,10.3123,,,
330000,浙江省,2003,64.0,16.8167,,,48.4135,,,,,,7.8685,,,
330000,浙江省,2002,61.0,15.247,,,39.31,,,,,,4.8431,,,
330000,浙江省,2001,39.0,12.0195,,,29.3078,,,,,,3.723,,,
330000,浙江省,2000,35.0,7.7608,,,19.2371,,,,,,3.2477,,,
340000,安徽省,2019,120.0,40.0798,16.605,23.4748,124.1151,67.9883,56.1268,33.3023,16.9938,16.3085,32.1623,15.7643,16.398,15.6221
340000,安徽省,2018,119.0,30.699,16.3886,14.3104,113.9112,66.4949,47.4163,32.7903,16.2461,16.5442,33.5182,15.4074,18.1108,15.2293
340000,安徽省,2017,119.0,30.7187,16.0385,14.6802,114.7401,64.9355,49.8046,34.2659,15.7679,18.498,32.2786,15.2059,17.0727,15.031
340000,安徽省,2016,119.0,30.7395,16.0469,14.6926,114.5007,63.8702,50.6305,32.854,15.5487,17.3053,30.8025,14.7112,16.0913,14.4898
340000,安徽省,2015,119.0,32.6492,15.7618,16.8874,113.0748,62.3547,50.7201,31.392,15.016,16.376,29.2469,14.1294,15.1175,13.8138
340000,安徽省,2014,118.0,31.0302,15.2276,15.8026,108.0545,60.504,47.5505,29.6325,14.3683,15.2642,29.9877,13.3251,16.6626,13.03
340000,安徽省,2013,117.0,29.6557,14.9012,14.7545,105.2123,58.3089,46.9034,30.3343,13.5437,16.7906,28.0106,12.1965,15.8141,11.9565
340000,安徽省,2012,118.0,28.6246,14.438,14.1866,102.3033,55.2299,47.0734,28.3626,15.9641,12.3985,26.5477,11.4858,15.0619,11.2828
340000,安徽省,2011,115.0,30.8035,13.8851,16.9184,99.1267,51.86,47.2667,26.832,11.6243,15.2077,25.6135,10.5891,15.0244,10.3187
340000,安徽省,2010,111.0,28.7585,13.5461,15.2124,93.8954,48.2387,45.6567,25.8712,10.7316,15.1396,23.2225,9.0398,14.1827,8.1841
340000,安徽省,2009,106.0,26.7936,12.4153,14.3783,87.7782,43.9285,43.8497,23.5642,9.222,14.3422,20.5749,8.2717,12.3032,7.9083
340000,安徽省,2008,104.0,25.3183,11.2099,14.1084,80.8276,39.9296,40.898,20.7775,8.3682,12.4093,19.112,7.4911,11.6209,6.9746
340000,安徽省,2007,89.0,23.6884,10.7928,12.8956,73.0546,36.0329,37.0217,19.5214,7.6621,11.8593,18.1209,6.5806,11.5403,5.9267
340000,安徽省,2006,83.0,21.7373,8.9347,12.8026,66.3684,31.9721,34.3963,18.4097,6.6777,11.732,14.4183,5.8029,8.6154,5.2427
340000,安徽省,2005,81.0,19.869,8.0486,11.8204,58.9075,28.6655,30.242,14.522,5.9561,8.5659,11.6958,4.8178,6.878,4.24
340000,安徽省,2004,81.0,17.8979,,,50.129,,,,,,8.84,,,
340000,安徽省,2003,73.0,14.2361,,,41.0041,,,,,,6.5685,,,
340000,安徽省,2002,61.0,12.248,,,33.01,,,,,,4.4318,,,
340000,安徽省,2001,52.0,9.7859,,,25.2226,,,,,,3.4388,,,
340000,安徽省,2000,42.0,8.0204,,,19.1824,,,,,,2.983,,,
350000,福建省,2019,90.0,28.118,12.8447,15.2733,86.1231,51.8096,34.3135,21.4104,12.8545,8.5559,20.0169,12.1645,7.8524,12.1306
350000,福建省,2018,89.0,22.1725,12.5233,9.6492,77.2361,50.5489,26.6872,21.1941,12.8635,8.3306,20.4271,12.0998,8.3273,12.049
350000,福建省,2017,89.0,20.0005,11.9024,8.0981,75.0987,49.744,25.3547,21.5351,12.7389,8.7962,20.4417,12.1774,8.2643,12.0803
350000,福建省,2016,88.0,19.774,11.7999,7.9741,75.6392,49.9185,25.7207,21.5419,12.7992,8.7427,19.9465,11.201,8.7455,11.0819
350000,福建省,2015,88.0,20.668,12.1701,8.4979,75.8452,49.1779,26.6673,20.9871,11.7617,9.2254,19.4652,10.9789,8.4863,10.9028
350000,福建省,2014,88.0,20.8383,12.0555,8.7828,74.848,47.7753,27.0727,20.365,11.4131,8.9519,19.0144,10.2431,8.7713,10.1708
350000,福建省,2013,87.0,21.3564,12.1637,9.1927,73.051,45.7241,27.3269,19.6815,10.6147,9.0668,18.723,9.445,9.278,9.3714
350000,福建省,2012,86.0,20.12,11.2217,8.8983,70.1392,42.5131,27.6261,19.2804,9.4931,9.7873,17.8492,8.8638,8.9854,8.775
350000,福建省,2011,85.0,20.1449,10.64,9.5049,67.4779,39.6093,27.8686,18.303,9.1533,9.1497,17.3702,7.9432,9.427,7.9428
350000,福建省,2010,84.0,19.8746,10.3865,9.4881,64.7774,36.5516,28.2258,17.8637,8.2609,9.6028,15.3449,7.1708,8.1741,6.7014
350000,福建省,2009,84.0,18.7311,9.5953,9.1358,60.6284,33.6813,26.9471,15.8329,7.5094,8.3235,14.2814,6.6158,7.6656,6.4885
350000,福建省,2008,81.0,17.9137,8.5436,9.3701,56.2595,30.925,25.3345,14.7254,6.8803,7.8451,13.0379,5.5287,7.5092,5.389
350000,福建省,2007,72.0,16.1481,8.1208,8.0273,50.9482,27.8032,23.145,13.4903,5.8251,7.6652,11.4073,4.7672,6.6401,4.6385
350000,福建省,2006,63.0,14.8552,7.1286,7.7266,46.1341,24.6806,21.4535,11.6953,5.0043,6.691,9.4979,3.283,6.2149,3.1337
350000,福建省,2005,53.0,14.6657,6.4964,8.1693,40.6996,20.64,20.0596,9.6897,3.4942,6.1955,6.4792,2.713,3.7662,2.5381
350000,福建省,2004,53.0,11.9908,,,32.5727,,,,,,5.28,,,
350000,福建省,2003,39.0,10.6715,,,25.7417,,,,,,4.7792,,,
350000,福建省,2002,33.0,6.8949,,,19.73,,,,,,3.6775,,,
350000,福建省,2001,32.0,5.9459,,,16.7377,,,,,,2.8449,,,
350000,福建省,2000,28.0,5.3267,,,13.7859,,,,,,2.4307,,,
360000,江西省,2019,103.0,35.9431,14.5706,21.3725,113.495,56.8044,56.6906,31.2027,13.6353,17.5674,30.3308,12.2933,18.0375,12.2166
360000,江西省,2018,102.0,29.6321,14.1845,15.4476,105.44,54.4906,50.9494,30.6678,12.5416,18.1262,31.0976,12.6875,18.4101,12.5677
360000,江西省,2017,100.0,28.8453,13.4856,15.3597,104.8289,53.0546,51.7743,31.3527,12.899,18.4537,29.5985,12.2575,17.341,12.1204
360000,江西省,2016,98.0,29.598,13.5137,16.0843,103.8951,51.8949,52.0002,29.9797,12.523,17.4567,25.6369,12.1461,13.4908,11.8749
360000,江西省,2015,97.0,28.6796,12.383,16.2966,98.4489,50.6759,47.773,26.1369,12.413,13.7239,23.4541,11.497,11.9571,11.2458
360000,江西省,2014,95.0,28.3187,12.683,15.6357,91.6415,49.7642,41.8773,23.9613,11.704,12.2573,24.0289,11.1412,12.8877,10.9318
360000,江西省,2013,92.0,24.7389,12.2658,12.4731,86.1849,48.1211,38.0638,24.452,11.3694,13.0826,24.0601,10.102,13.9581,9.8642
360000,江西省,2012,88.0,23.7734,12.1441,11.6293,85.1119,45.8454,39.2665,24.6056,14.3013,10.3043,23.2048,9.3985,13.8063,9.2061
360000,江西省,2011,86.0,24.6027,11.3835,13.2192,82.8599,42.86,39.9999,23.3187,9.5994,13.7193,22.5802,8.5014,14.0788,8.2914
360000,江西省,2010,85.0,24.8494,11.5635,13.2859,81.6484,39.8888,41.7596,23.2477,8.7077,14.54,22.5943,8.1573,14.437,7.6482
360000,江西省,2009,85.0,23.8921,10.3897,13.5024,79.3488,36.6922,42.6566,22.8163,8.3306,14.4857,21.3303,8.1519,13.1784,7.7595
360000,江西省,2008,82.0,23.214,9.1833,14.0307,76.4182,34.6725,41.7457,21.6918,8.4445,13.2473,26.4549,6.7695,19.6854,6.3332
360000,江西省,2007,66.0,22.7782,8.7817,13.9965,78.1686,31.8729,46.2957,26.9926,6.902,20.0906,21.8965,6.1203,15.7762,5.4498
360000,江西省,2006,66.0,22.7432,7.7858,14.9574,77.0525,29.3429,47.7096,21.4411,6.3062,15.1349,14.1085,4.9437,9.1648,4.5428
360000,江西省,2005,67.0,20.7882,7.9475,12.8407,64.6086,26.3015,38.3071,14.3335,5.0907,9.2428,9.7781,4.2361,5.542,3.8117
360000,江西省,2004,66.0,18.7999,,,48.9854,,,,,,6.5386,,,
360000,江西省,2003,54.0,14.1571,,,35.8622,,,,,,4.7167,,,
360000,江西省,2002,47.0,10.4618,,,26.63,,,,,,3.5047,,,
360000,江西省,2001,33.0,7.6037,,,19.6455,,,,,,2.7602,,,
360000,江西省,2000,32.0,5.7921,,,14.8589,,,,,,2.5903,,,
370000,山东省,2019,146.0,66.3148,26.4636,39.8512,218.3944,110.1805,108.2139,61.7503,28.2908,33.4595,57.798,24.4719,33.3261,24.2749
370000,山东省,2018,145.0,55.3743,25.8168,29.5575,204.0793,106.8178,97.2615,59.2887,25.4321,33.8566,58.5871,23.9609,34.6262,23.832
370000,山东省,2017,145.0,54.8479,26.2937,28.5542,201.5345,103.6819,97.8526,59.9314,24.8133,35.1181,57.122,24.5517,32.5703,24.21
370000,山东省,2016,144.0,55.5211,26.2746,29.2465,199.588,100.939,98.649,58.4293,25.2214,33.2079,50.9142,23.6551,27.2591,23.2497
370000,山东省,2015,143.0,54.0809,23.6952,30.3857,190.0612,97.5856,92.4756,52.0417,24.2723,27.7694,47.4195,22.7503,24.6692,22.3932
370000,山东省,2014,141.0,53.3622,23.3809,29.9813,179.6665,96.0951,83.5714,48.4335,23.2438,25.1897,46.4076,21.546,24.8616,21.5907
370000,山东省,2013,139.0,49.1557,23.7463,25.4094,169.8545,93.548,76.3065,47.2405,21.894,25.3465,47.5858,21.1661,26.4197,20.9249
370000,山东省,2012,136.0,46.6695,23.1536,23.5159,165.849,90.1291,75.7199,48.2579,26.7351,21.5228,47.4266,20.559,26.8676,20.3309
370000,山东省,2011,138.0,48.0753,22.4047,25.6706,164.5589,86.6358,77.9231,47.9119,20.8738,27.0381,47.2882,17.9289,29.3593,17.6331
370000,山东省,2010,132.0,47.5212,22.0622,25.459,163.1373,80.7484,82.3889,47.7435,18.207,29.5365,44.4003,18.2722,26.1281,17.6377
370000,山东省,2009,126.0,46.9097,20.079,26.8307,159.2974,75.7529,83.5445,45.1955,18.539,26.6565,43.1598,17.9997,25.1601,16.9696
370000,山东省,2008,125.0,46.5593,18.497,28.0623,153.4009,72.8474,80.5535,43.4601,18.1963,25.2638,41.1143,17.016,24.0983,16.2167
370000,山东省,2007,110.0,41.7544,17.1474,24.607,144.0378,68.8816,75.1562,41.6422,17.3158,24.3264,35.5735,16.6901,18.8834,15.6924
370000,山东省,2006,108.0,42.222,15.8887,26.3333,133.8122,67.3439,66.4683,35.6429,16.868,18.7749,26.8384,12.3988,14.4396,11.8526
370000,山东省,2005,99.0,40.0573,13.8521,26.2052,117.1284,58.9829,58.1455,27.5077,12.4859,15.0218,22.4611,10.1436,12.3175,9.5453
370000,山东省,2004,97.0,32.7452,,,94.6124,,,,,,16.6959,,,
370000,山东省,2003,85.0,27.3894,,,76.1417,,,,,,11.7253,,,
370000,山东省,2002,75.0,21.8719,,,58.36,,,,,,9.4697,,,
370000,山东省,2001,65.0,18.3553,,,44.936,,,,,,6.9583,,,
370000,山东省,2000,47.0,13.5185,,,32.5317,,,,,,5.8355,,,
410000,河南省,2019,141.0,69.6654,28.7338,40.9316,231.9653,119.7185,112.2468,65.0451,30.8388,34.2063,59.3363,27.6666,31.6697,27.3111
410000,河南省,2018,139.0,62.224,27.9947,34.2293,214.078,114.0778,100.0002,60.6846,28.3258,32.3588,55.9882,26.2013,29.7869,25.7927
410000,河南省,2017,134.0,56.9361,25.8032,31.1329,200.4662,107.7108,92.7554,57.0592,26.7607,30.2985,50.4119,25.3804,25.0315,24.9042
410000,河南省,2016,129.0,55.0127,25.6193,29.3934,187.4752,103.4237,84.0515,51.4968,25.9373,25.5595,48.685,24.2816,24.4034,23.8011
410000,河南省,2015,129.0,51.4726,24.1712,27.3014,176.6869,99.5493,77.1376,49.5601,24.8658,24.6943,46.5782,22.2696,24.3086,21.7928
410000,河南省,2014,129.0,47.4235,23.5486,23.8749,167.9744,95.5201,72.4543,47.167,22.5882,24.5788,44.5252,20.8915,23.6337,20.5186
410000,河南省,2013,127.0,46.6695,23.5931,23.0764,161.832,91.0156,70.8164,44.7026,20.9613,23.7413,45.0194,18.4178,26.6016,18.0755
410000,河南省,2012,120.0,45.5289,22.5728,22.9561,155.9025,83.708,72.1945,44.7586,26.0765,18.6821,43.5308,16.7801,26.7507,16.5295
410000,河南省,2011,117.0,44.885,20.3911,24.4939,150.0142,75.8761,74.1381,43.6815,17.0263,26.6552,43.2994,15.4,27.8994,15.072
410000,河南省,2010,107.0,45.7122,21.1337,24.5785,145.673,68.7181,76.9549,42.7752,15.4976,27.2776,38.2486,13.7571,24.4915,12.7749
410000,河南省,2009,99.0,42.991,18.381,24.61,136.8813,61.6098,75.2715,38.4799,13.8629,24.617,33.4115,12.7657,20.6458,12.3165
410000,河南省,2008,94.0,39.6818,15.0372,24.6446,125.0204,56.5824,68.438,33.8244,13.0773,20.7471,30.2492,11.4808,18.7684,10.9737
410000,河南省,2007,82.0,33.6481,14.4131,19.235,109.5195,50.7006,58.8189,30.1185,11.5039,18.6146,26.7225,9.7164,17.0061,9.2116
410000,河南省,2006,84.0,31.7051,12.3446,19.3605,97.4096,44.9914,52.4182,27.0131,9.9535,17.0596,20.2144,7.8628,12.3516,7.3163
410000,河南省,2005,83.0,27.7578,10.6193,17.1385,85.1864,38.9447,46.2417,20.5425,8.0347,12.5078,16.5159,6.1827,10.3332,5.4979
410000,河南省,2004,82.0,25.7356,,,70.2846,,,,,,13.43,,,
410000,河南省,2003,71.0,19.0214,,,55.724,,,,,,10.8975,,,
410000,河南省,2002,65.0,16.6084,,,46.8,,,,,,7.1226,,,
410000,河南省,2001,64.0,14.013,,,36.9149,,,,,,4.612,,,
410000,河南省,2000,52.0,12.2896,,,27.3404,,,,,,4.5709,,,
420000,湖北省,2019,128.0,43.5431,21.7367,21.8064,150.0819,89.3499,60.732,40.9895,22.3087,18.6808,38.3673,20.7828,17.5845,20.3713
420000,湖北省,2018,128.0,40.6772,21.4554,19.2218,143.8242,87.6771,56.1471,39.5368,21.5663,17.9705,37.5447,20.3965,17.1482,19.9243
420000,湖北省,2017,129.0,39.41,21.3037,18.1063,140.0918,86.3408,53.751,38.7197,21.1687,17.551,39.4897,21.2847,18.205,20.7659
420000,湖北省,2016,128.0,39.0697,21.275,17.7947,140.184,86.0578,54.1262,40.6081,21.9946,18.6135,39.4158,21.6203,17.7955,21.1325
420000,湖北省,2015,126.0,38.5353,20.7692,17.7661,141.0567,86.376,54.6807,40.3662,22.2652,18.101,38.9206,20.9246,17.996,20.4823
420000,湖北省,2014,123.0,39.314,20.383,18.931,141.9699,86.4875,55.4824,39.7135,21.4485,18.265,39.0921,19.8066,19.2855,19.3963
420000,湖北省,2013,123.0,39.8854,21.522,18.3634,142.1434,85.7489,56.3945,39.6887,20.0997,19.589,36.1572,18.0278,18.1294,17.6401
420000,湖北省,2012,122.0,40.2055,21.6929,18.5126,138.6086,82.0973,56.5113,36.5847,18.3003,18.2844,35.3014,16.8054,18.496,16.4009
420000,湖北省,2011,122.0,40.9497,21.0951,19.8546,134.0298,77.086,56.9438,35.7818,17.0124,18.7694,36.2991,15.7555,20.5436,14.9843
420000,湖北省,2010,120.0,38.7612,20.2498,18.5114,129.692,71.6184,58.0736,36.6247,15.8915,20.7332,33.1303,14.8906,18.2397,13.842
420000,湖北省,2009,120.0,37.3333,18.2594,19.0739,124.9061,66.5174,58.3887,33.6823,15.1599,18.5224,32.8202,15.0085,17.8117,13.9266
420000,湖北省,2008,118.0,35.4335,16.7707,18.6628,118.4915,63.522,54.9695,33.0122,15.2073,17.8049,35.1854,15.0651,20.1203,13.633
420000,湖北省,2007,86.0,32.5803,15.7779,16.8024,116.3686,61.4087,54.9599,34.8546,14.8963,19.9583,27.6005,12.3563,15.2442,10.473
420000,湖北省,2006,86.0,33.8004,14.814,18.9864,109.2274,56.7035,52.5239,28.4811,11.7423,16.7388,26.2591,12.2125,14.0466,10.5337
420000,湖北省,2005,85.0,31.556,14.7434,16.8126,101.2665,53.5615,47.705,27.9625,12.7254,15.2371,18.792,10.0268,8.7652,8.9956
420000,湖北省,2004,85.0,29.5701,,,89.2018,,,,,,14.3246,,,
420000,湖北省,2003,75.0,25.0198,,,72.1513,,,,,,11.9118,,,
420000,湖北省,2002,73.0,20.7023,,,58.5,,,,,,7.843,,,
420000,湖北省,2001,60.0,15.8916,,,45.3277,,,,,,6.0443,,,
420000,湖北省,2000,54.0,14.2237,,,35.7728,,,,,,5.6566,,,
430000,湖南省,2019,125.0,42.3249,18.8797,23.4452,140.7108,74.8384,65.8724,38.1609,17.9174,20.2435,36.1908,16.6655,19.5253,16.3476
430000,湖南省,2018,124.0,38.1644,18.3895,19.7749,132.6828,72.3763,60.3065,37.2655,17.2759,19.9896,34.7641,16.4199,18.3442,16.1013
430000,湖南省,2017,124.0,35.7872,17.8349,17.9523,127.3208,70.348,56.9728,35.7602,16.9664,18.7938,33.2792,16.2286,17.0506,15.8683
430000,湖南省,2016,123.0,34.9431,17.3177,17.6254,122.5016,68.8126,53.689,34.0196,16.8539,17.1657,31.6504,16.2337,15.4167,15.6054
430000,湖南省,2015,124.0,33.6341,16.7748,16.8593,118.0643,67.8314,50.2329,32.472,16.723,15.749,30.0459,15.4185,14.6274,15.059
430000,湖南省,2014,124.0,32.6627,16.535,16.1277,113.6302,66.5305,47.0997,30.6803,15.8023,14.878,29.5911,15.1349,14.4562,14.7686
430000,湖南省,2013,122.0,31.365,16.3936,14.9714,110.077,65.1789,44.8981,30.2592,15.5381,14.7211,29.4355,14.203,15.2325,13.9466
430000,湖南省,2012,121.0,31.1026,16.4841,14.6185,108.2235,63.0582,45.1653,29.977,15.449,14.528,30.6809,13.242,17.4389,12.9646
430000,湖南省,2011,120.0,30.6088,15.402,15.2068,106.7852,59.3228,47.4624,30.9014,13.4235,17.4779,28.4178,11.9849,16.4329,11.7476
430000,湖南省,2010,117.0,30.265,15.3108,14.9542,104.7241,55.7232,49.0009,28.8205,12.1979,16.6226,27.6082,10.9394,16.6688,10.6817
430000,湖南省,2009,115.0,31.4422,14.5116,16.9306,101.6833,51.6127,50.0706,27.7112,11.0942,16.617,25.4253,10.6235,14.8018,10.3732
430000,湖南省,2008,115.0,29.206,13.1806,16.0254,95.233,47.9378,47.2952,25.6051,10.8347,14.7704,24.4706,9.4593,15.0113,9.1221
430000,湖南省,2007,99.0,28.135,12.368,15.767,89.8622,44.3377,45.5245,25.2365,9.7204,15.5161,20.9802,8.7256,12.2546,8.186
430000,湖南省,2006,96.0,26.1239,10.9465,15.1774,83.0181,40.8862,42.1319,21.8955,9.0245,12.871,19.1257,7.879,11.2467,7.4102
430000,湖南省,2005,93.0,25.0844,10.6251,14.4593,75.4859,37.0507,38.4352,19.5272,7.9517,11.5755,15.0981,5.9752,9.1229,5.43
430000,湖南省,2004,81.0,20.6793,,,63.9001,,,,,,11.1021,,,
430000,湖南省,2003,73.0,19.383,,,53.722,,,,,,9.0035,,,
430000,湖南省,2002,60.0,15.6946,,,41.94,,,,,,6.2098,,,
430000,湖南省,2001,61.0,11.7299,,,33.1301,,,,,,4.9703,,,
430000,湖南省,2000,52.0,10.5237,,,26.5849,,,,,,4.7426,,,
440000,广东省,2019,154.0,61.6331,28.8197,32.8134,205.3977,115.9808,89.4169,56.988,28.5306,28.4574,52.2094,26.755,25.4544,26.5074
440000,广东省,2018,152.0,57.3287,28.2802,29.0485,196.317,113.3292,82.9878,54.6619,28.071,26.5909,52.3936,25.3961,26.9975,25.2319
440000,广东省,2017,151.0,55.8417,27.6627,28.179,192.5775,110.5754,82.0021,54.9584,26.7581,28.2003,51.1222,24.5563,26.5659,24.3473
440000,广东省,2016,147.0,53.9813,27.508,26.4733,189.2878,107.6753,81.6125,53.3925,25.7466,27.6459,48.9397,23.3592,25.5805,23.1471
440000,广东省,2015,143.0,55.0601,26.955,28.1051,185.6355,104.0784,81.5571,50.8552,24.4017,26.4535,47.6901,22.4145,25.2756,22.1458
440000,广东省,2014,141.0,53.5441,26.1453,27.3988,179.4188,99.8186,79.6002,49.3346,23.2597,26.0749,44.0952,21.1422,22.953,20.8815
440000,广东省,2013,138.0,51.6866,25.1684,26.5182,170.9881,94.9585,76.0296,45.4682,21.7874,23.6808,41.2315,20.0491,21.1824,19.8225
440000,广东省,2012,137.0,50.1939,23.9456,26.2483,161.6838,90.0352,71.6486,42.5324,21.915,20.6174,40.4011,18.1333,22.2678,17.8731
440000,广东省,2011,134.0,46.8685,22.7255,24.143,152.7254,84.2347,68.4907,41.6739,18.7075,22.9664,35.7521,16.2255,19.5266,15.8942
440000,广东省,2010,131.0,43.7274,21.7048,22.0226,142.6624,77.8595,64.8029,36.9334,16.8536,20.0798,33.4187,15.2893,18.1294,14.6295
440000,广东省,2009,125.0,43.587,20.8276,22.7594,133.4089,71.9454,61.4635,34.4708,15.8488,18.622,30.919,13.4462,17.4728,12.7343
440000,广东省,2008,125.0,38.4481,18.3601,20.088,121.639,65.0329,56.6061,31.8646,13.9332,17.9314,28.2469,11.8967,16.3502,11.4078
440000,广东省,2007,109.0,35.1841,16.5544,18.6297,111.9655,58.7426,53.2229,29.1044,12.3584,16.746,23.3129,8.9376,14.3753,8.7263
440000,广东省,2006,105.0,33.9303,15.5104,18.4199,100.8577,51.5132,49.3445,24.2754,9.4266,14.8488,19.6036,7.0294,12.5742,6.7474
440000,广东省,2005,102.0,30.6956,13.6527,17.0429,87.4686,42.8579,44.6107,20.509,7.387,13.122,15.7082,6.1059,9.6023,5.4606
440000,广东省,2004,94.0,26.4537,,,72.6866,,,,,,12.5229,,,
440000,广东省,2003,77.0,22.5837,,,58.7779,,,,,,10.5533,,,
440000,广东省,2002,71.0,17.2135,,,46.78,,,,,,8.4696,,,
440000,广东省,2001,62.0,13.905,,,38.1926,,,,,,5.8835,,,
440000,广东省,2000,52.0,12.3338,,,30.6019,,,,,,5.1432,,,
450000,广西壮族自治区,2019,78.0,35.9824,13.0049,22.9775,107.6408,52.2722,55.3686,27.987,12.9526,15.0344,23.3144,10.808,12.5064,10.5508
450000,广西壮族自治区,2018,75.0,28.2938,12.5196,15.7742,94.2227,49.1574,45.0653,24.9051,11.6638,13.2413,21.3788,9.7498,11.629,9.5712
450000,广西壮族自治区,2017,74.0,26.6945,11.7893,14.9052,86.6716,45.6835,40.9881,22.8277,10.3506,12.4771,21.0666,8.8932,12.1734,8.7376
450000,广西壮族自治区,2016,73.0,24.8411,11.4813,13.3598,81.0282,42.2949,38.7333,22.2713,9.5768,12.6945,18.9441,8.2517,10.6924,8.0696
450000,广西壮族自治区,2015,71.0,23.4161,10.6246,12.7915,75.1181,38.7593,36.3588,19.9306,8.7776,11.153,18.2658,7.6807,10.5851,7.502
450000,广西壮族自治区,2014,70.0,22.0044,9.3969,12.6075,70.1913,35.5979,34.5934,19.0998,8.1127,10.9871,17.405,7.0983,10.3067,6.958
450000,广西壮族自治区,2013,70.0,19.8528,8.8389,11.0139,65.6127,33.0734,32.5393,17.8225,7.1938,10.6287,16.9543,6.5083,10.446,6.3664
450000,广西壮族自治区,2012,70.0,19.2144,8.2326,10.9818,62.9243,30.6128,32.3115,17.576,10.79,6.786,16.2169,6.2134,10.0035,6.0659
450000,广西壮族自治区,2011,70.0,18.4639,7.7023,10.7616,60.0094,28.4686,31.5408,16.7226,6.3961,10.3265,15.1052,5.6837,9.4215,5.512
450000,广西壮族自治区,2010,70.0,18.2635,7.3853,10.8782,56.7516,26.1369,30.6147,15.4769,5.8324,9.6445,13.8089,4.7914,9.0175,4.6082
450000,广西壮族自治区,2009,68.0,16.8942,6.6792,10.215,52.8342,23.8647,28.9695,14.2441,5.0404,9.2037,12.1457,4.2382,7.9075,4.0582
450000,广西壮族自治区,2008,68.0,15.792,6.1412,9.6508,48.4189,21.5822,26.8367,12.4225,4.4248,7.9977,11.0662,3.7136,7.3526,3.5226
450000,广西壮族自治区,2007,56.0,14.7907,5.8441,8.9466,43.4347,19.0812,24.3535,11.3981,3.8994,7.4987,10.3165,3.1871,7.1294,2.9717
450000,广西壮族自治区,2006,55.0,13.2287,4.8096,8.4191,38.7447,16.5857,22.159,10.9426,3.3318,7.6108,8.2295,2.7847,5.4448,2.5408
450000,广西壮族自治区,2005,51.0,11.6719,4.213,7.4589,33.8261,14.4512,19.3749,8.8285,3.1559,5.6726,6.4871,2.1906,4.2965,1.9775
450000,广西壮族自治区,2004,49.0,10.3612,,,28.1044,,,,,,5.03,,,
450000,广西壮族自治区,2003,45.0,8.2537,,,22.7257,,,,,,4.0178,,,
450000,广西壮族自治区,2002,36.0,6.8516,,,18.63,,,,,,3.1967,,,
450000,广西壮族自治区,2001,30.0,5.8455,,,15.1604,,,,,,2.3597,,,
450000,广西壮族自治区,2000,30.0,4.9432,,,12.3729,,,,,,2.1858,,,
460000,海南省,2019,20.0,6.8629,3.1249,3.738,20.7424,11.8741,8.8683,5.2843,2.8429,2.4414,5.0393,2.5748,2.4645,2.4924
460000,海南省,2018,20.0,5.4468,2.9218,2.525,18.9179,11.4041,7.5138,5.2911,2.6958,2.5953,4.9281,2.4856,2.4425,2.4128
460000,海南省,2017,19.0,5.2162,2.8026,2.4136,18.5538,11.0388,7.515,5.2026,2.6056,2.597,5.037,2.4871,2.5499,2.3551
460000,海南省,2016,18.0,5.3176,2.8021,2.5155,18.4875,10.7657,7.7218,5.1937,2.5521,2.6416,4.8713,2.5305,2.3408,2.4316
460000,海南省,2015,17.0,5.2438,2.6951,2.5487,18.2944,10.5955,7.6989,5.1831,2.6314,2.5517,4.8245,2.5013,2.3232,2.3904
460000,海南省,2014,17.0,5.454,2.6035,2.8505,18.0565,10.4704,7.5861,4.9205,2.5969,2.3236,4.4792,2.3527,2.1265,2.2505
460000,海南省,2013,17.0,4.9296,2.5655,2.3641,17.2143,10.2993,6.915,4.6071,2.4391,2.168,4.3804,1.9986,2.3818,1.9024
460000,海南省,2012,17.0,4.9615,2.6117,2.3498,16.827,9.7889,7.0381,4.4632,2.4011,2.0621,4.0887,1.798,2.2907,1.6771
460000,海南省,2011,17.0,4.6416,2.4023,2.2393,15.67,8.7927,6.8773,4.2344,1.8157,2.4187,3.915,1.5805,2.3345,1.4755
460000,海南省,2010,17.0,4.7573,2.502,2.2553,15.0806,8.0296,7.051,4.0498,1.6525,2.3973,3.6791,1.3765,2.3026,1.2962
460000,海南省,2009,17.0,4.6392,2.1253,2.5139,14.2082,7.0116,7.1966,3.8925,1.4185,2.474,3.0844,1.0609,2.0235,0.9749
460000,海南省,2008,16.0,3.9735,1.81,2.1635,12.6355,6.0964,6.5391,3.2829,1.1695,2.1134,2.3391,0.836,1.5031,0.4776
460000,海南省,2007,14.0,3.8669,1.6936,2.1733,10.8296,5.0289,5.8007,2.523,0.8718,1.6512,1.9581,0.724,1.2341,0.6348
460000,海南省,2006,15.0,3.4511,1.3772,2.0739,9.0138,4.1414,4.8724,2.1528,0.8167,1.3361,1.6436,0.6189,1.0247,0.4698
460000,海南省,2005,15.0,2.448,1.0426,1.4054,6.9984,3.3709,3.6275,1.8122,0.7031,1.1091,1.1788,0.4725,0.7063,0.3644
460000,海南省,2004,14.0,1.9704,,,5.7883,,,,,,0.7673,,,
460000,海南省,2003,11.0,1.7006,,,4.3498,,,,,,0.5846,,,
460000,海南省,2002,9.0,1.4648,,,3.47,,,,,,0.3939,,,
460000,海南省,2001,9.0,1.0851,,,2.605,,,,,,0.386,,,
460000,海南省,2000,5.0,0.8181,,,1.9193,,,,,,0.4021,,,
500000,重庆市,2019,65.0,27.1415,11.7696,15.3719,83.4864,47.0302,36.4562,21.7972,11.6503,10.1469,20.0819,10.8837,9.1982,10.6851
500000,重庆市,2018,65.0,21.3681,11.3922,9.9759,76.2811,46.2559,30.0252,21.0763,11.4242,9.6521,19.9727,10.53,9.4427,10.255
500000,重庆市,2017,65.0,20.9497,11.2934,9.6563,74.6859,45.3829,29.303,20.8491,11.0511,9.798,19.6414,10.4704,9.171,10.1731
500000,重庆市,2016,65.0,20.4887,11.1571,9.3316,73.2475,44.5398,28.7077,20.3825,10.9876,9.3949,18.9918,10.9317,8.0601,10.4719
500000,重庆市,2015,64.0,20.5453,11.0013,9.544,71.658,44.3402,27.3178,19.5917,11.3867,8.205,18.1068,9.9729,8.1339,9.5912
500000,重庆市,2014,63.0,19.7192,10.6066,9.1126,69.1555,43.3586,25.7969,18.7554,10.4418,8.3136,16.5817,9.238,7.3437,8.8408
500000,重庆市,2013,63.0,18.4909,10.5163,7.9746,65.94,42.0129,23.9271,17.0415,9.5437,7.4978,14.8684,8.249,6.6194,7.9396
500000,重庆市,2012,60.0,19.294,11.0436,8.2504,62.3605,39.7249,22.6356,15.2844,6.7799,8.5045,13.7635,7.5002,6.2633,7.202
500000,重庆市,2011,59.0,17.7615,10.1667,7.5948,56.7813,36.1532,20.6281,14.169,7.757,6.412,13.0702,7.0019,6.0683,6.6043
500000,重庆市,2010,53.0,16.4137,9.6434,6.7703,52.2719,32.8741,19.3978,13.4359,7.1991,6.2368,12.2811,6.649,5.6321,6.2358
500000,重庆市,2009,50.0,14.9332,8.5176,6.4156,48.4199,30.178,18.2419,12.4821,6.8027,5.6794,11.4515,6.1175,5.334,5.8201
500000,重庆市,2008,47.0,13.6747,7.6275,6.0472,45.0008,27.9994,17.0014,11.7127,6.2878,5.4249,9.9747,5.671,4.3037,5.1502
500000,重庆市,2007,38.0,12.8423,7.1725,5.6698,41.3655,26.1636,15.2019,10.2373,5.8565,4.3808,8.9962,4.8082,4.188,4.2403
500000,重庆市,2006,38.0,12.2313,6.6369,5.5944,37.6118,23.9873,13.6245,9.2148,4.9099,4.3049,7.6512,3.9046,3.7466,3.3944
500000,重庆市,2005,35.0,11.2045,5.9485,5.256,33.3563,20.9347,12.4216,7.8681,4.0583,3.8098,5.9381,3.2991,2.639,2.7631
500000,重庆市,2004,35.0,9.9851,,,28.4546,,,,,,5.4025,,,
500000,重庆市,2003,34.0,8.5474,,,24.0503,,,,,,4.2653,,,
500000,重庆市,2002,29.0,7.0942,,,20.01,,,,,,3.0712,,,
500000,重庆市,2001,29.0,6.1033,,,16.1648,,,,,,2.4316,,,
500000,重庆市,2000,22.0,4.9951,,,12.6279,,,,,,2.2187,,,
510000,四川省,2019,126.0,49.484,23.5226,25.9614,166.1737,94.4177,71.756,45.0888,23.2333,21.8555,40.2922,20.6829,19.6093,20.2911
510000,四川省,2018,119.0,45.351,23.0169,22.3341,156.471,91.3215,65.1495,42.4646,21.8432,20.6214,39.3689,18.6361,20.7328,18.2096
510000,四川省,2017,109.0,43.303,22.5118,20.7912,149.9715,86.5109,63.4606,41.3791,19.6688,21.7103,38.6145,18.4269,20.1876,18.0585
510000,四川省,2016,109.0,41.4747,21.8165,19.6582,144.6559,82.0977,62.5582,40.409,19.4606,20.9484,36.2127,18.2477,17.965,17.9168
510000,四川省,2015,109.0,41.3253,20.5929,20.7324,138.7889,78.3639,60.425,37.8077,19.2517,18.556,36.151,17.5724,18.5786,17.175
510000,四川省,2014,107.0,38.6216,18.5041,20.1175,132.8329,74.9123,57.9206,37.4724,18.359,19.1134,33.8643,17.4616,16.4027,17.2882
510000,四川省,2013,103.0,35.7802,18.284,17.4962,127.0818,73.5441,53.5377,34.9184,18.1117,16.8067,31.8407,16.4906,15.3501,16.2809
510000,四川省,2012,99.0,36.4488,18.1264,18.3224,122.368,71.4011,50.9669,32.6793,15.7133,16.966,28.6756,15.3588,13.3168,15.0985
510000,四川省,2011,93.0,34.3631,17.3813,16.9818,113.9316,68.3515,45.5801,29.6176,16.0569,13.5607,28.9165,13.7759,15.1406,13.4535
510000,四川省,2010,92.0,33.2104,18.034,15.1764,108.6215,64.3225,44.299,29.8631,14.3775,15.4856,27.8577,12.6069,15.2508,12.2319
510000,四川省,2009,92.0,29.965,16.6798,13.2852,103.5934,59.3687,44.2247,28.5955,13.0941,15.5014,25.2214,12.4952,12.7262,11.9104
510000,四川省,2008,90.0,30.1786,15.2102,14.9684,99.1072,55.6016,43.5056,26.0332,13.0174,13.0158,24.7707,11.2245,13.5462,10.5311
510000,四川省,2007,76.0,27.8185,14.2404,13.5781,91.8438,51.2785,40.5653,25.3026,11.5793,13.7233,22.8028,10.8826,11.9202,10.0157
510000,四川省,2006,74.0,26.2799,12.5811,13.6988,86.064,48.3951,37.6689,22.9251,11.1908,11.7343,17.3287,9.4296,7.8991,8.4482
510000,四川省,2005,68.0,26.7198,12.4476,14.2722,77.5436,45.1275,32.4161,17.4807,9.6622,7.8185,13.9328,7.9221,6.0107,7.0805
510000,四川省,2004,68.0,21.5179,,,63.734,,,,,,10.0998,,,
510000,四川省,2003,62.0,18.0308,,,51.2663,,,,,,7.4307,,,
510000,四川省,2002,57.0,15.2754,,,41.24,,,,,,5.2405,,,
510000,四川省,2001,49.0,11.947,,,31.6701,,,,,,4.4602,,,
510000,四川省,2000,42.0,10.0965,,,24.5648,,,,,,4.2672,,,
520000,贵州省,2019,72.0,25.0966,9.4667,15.6299,76.5745,37.1133,39.4612,20.1355,8.685,11.4505,16.9655,6.7065,10.259,6.4881
520000,贵州省,2018,72.0,21.7176,9.1829,12.5347,68.753,34.279,34.474,17.8906,7.0255,10.8651,15.9724,6.9877,8.9847,6.6588
520000,贵州省,2017,70.0,19.9747,8.6696,11.3051,62.7672,31.7072,31.06,16.6121,7.2713,9.3408,14.9037,7.5025,7.4012,7.1164
520000,贵州省,2016,64.0,18.6996,8.154,10.5456,57.3932,30.1642,27.229,15.2668,7.6587,7.6081,11.6794,6.423,5.2564,6.0107
520000,贵州省,2015,59.0,15.4215,6.4376,8.9839,50.0882,28.17,21.9182,11.8391,6.5494,5.2897,11.6824,5.7994,5.883,5.3899
520000,贵州省,2014,55.0,13.9429,6.5665,7.3764,46.0401,27.3417,18.6984,11.8829,5.9591,5.9238,9.8599,5.1173,4.7426,4.8651
520000,贵州省,2013,52.0,11.9734,6.6804,5.293,41.904,25.7209,16.1831,10.091,5.3041,4.7869,8.806,4.3091,4.4969,4.042
520000,贵州省,2012,49.0,12.5093,6.483,6.0263,38.3815,22.9505,15.431,9.451,4.613,4.838,8.5285,3.968,4.5605,3.7207
520000,贵州省,2011,48.0,10.681,5.7594,4.9216,34.41,20.4105,13.9995,8.7573,4.076,4.6813,8.3016,3.7849,4.5167,3.4845
520000,贵州省,2010,47.0,9.932,5.3636,4.5684,32.3293,18.4389,13.8904,8.4772,3.847,4.6302,7.4777,3.328,4.1497,2.9227
520000,贵州省,2009,47.0,9.5375,4.9298,4.6077,29.9072,16.5388,13.3684,7.6076,3.3692,4.2384,6.4212,3.073,3.3482,2.7642
520000,贵州省,2008,45.0,8.5712,4.0107,4.5605,26.7526,14.7996,11.953,6.5951,3.1511,3.444,6.605,2.8385,3.7665,2.6026
520000,贵州省,2007,37.0,7.5493,3.9544,3.5949,24.1692,13.5829,10.5863,6.6218,2.8731,3.7487,6.1743,2.8065,3.3678,2.4396
520000,贵州省,2006,36.0,7.1687,3.236,3.9327,22.1546,12.5498,9.6048,6.2446,2.8712,3.3734,5.3233,2.4328,2.8905,2.0651
520000,贵州省,2005,34.0,6.8586,3.2418,3.6168,20.6754,11.7644,8.911,5.3873,2.4346,2.9527,3.8681,2.0068,1.8613,1.6398
520000,贵州省,2004,34.0,6.0578,,,17.9852,,,,,,3.1059,,,
520000,贵州省,2003,34.0,5.3318,,,14.9444,,,,,,2.5362,,,
520000,贵州省,2002,32.0,4.1565,,,12.27,,,,,,1.7874,,,
520000,贵州省,2001,30.0,4.4597,,,10.8159,,,,,,1.5092,,,
520000,贵州省,2000,23.0,3.3718,,,7.9833,,,,,,1.3739,,,
530000,云南省,2019,81.0,24.3379,10.8203,13.5176,86.4035,47.0776,39.3259,24.0299,11.9806,12.0493,19.6463,10.1738,9.4725,9.9998
530000,云南省,2018,79.0,21.0134,10.4914,10.522,76.4659,44.0003,32.4656,20.2402,10.5207,9.7195,18.8092,9.5714,9.2378,9.3754
530000,云南省,2017,77.0,20.2091,10.3172,9.8919,70.5854,41.3831,29.2023,19.3399,9.8795,9.4604,17.5254,9.6365,7.8889,9.458
530000,云南省,2016,72.0,17.9949,10.0628,7.9321,65.6594,40.1259,25.5335,17.9507,9.9316,8.0191,15.2435,8.5795,6.664,8.3399
530000,云南省,2015,69.0,17.6636,9.7015,7.9621,61.4569,38.5948,22.8621,15.5148,8.7626,6.7522,14.6031,8.9104,5.6927,8.672
530000,云南省,2014,67.0,16.8227,9.6041,7.2186,57.7044,37.9211,19.7833,14.9012,9.121,5.7802,14.197,7.4098,6.7872,7.2016
530000,云南省,2013,67.0,16.2911,9.9176,6.3735,54.8577,35.8914,18.9663,14.396,7.5603,6.8357,12.7932,6.495,6.2982,6.2725
530000,云南省,2012,66.0,14.2753,8.7663,5.509,51.2178,32.4722,18.7456,12.9754,6.3341,6.6413,11.8944,5.8703,6.0241,5.6967
530000,云南省,2011,64.0,15.9349,9.0553,6.8796,48.7552,29.5863,19.1689,12.0661,6.0178,6.0483,10.9531,5.0519,5.9012,4.9226
530000,云南省,2010,61.0,14.0966,7.7755,6.3211,43.9042,25.5788,18.3254,11.0967,5.1629,5.9338,9.5379,4.6727,4.8652,4.5261
530000,云南省,2009,61.0,12.7287,6.7368,5.9919,39.3601,22.6564,16.7037,9.7037,4.8173,4.8864,8.5891,4.277,4.3121,4.0548
530000,云南省,2008,59.0,11.0319,5.8536,5.1783,34.7732,20.3978,14.3754,8.7533,4.4059,4.3474,7.9311,3.8127,4.1184,3.6528
530000,云南省,2007,51.0,9.355,5.1611,4.1939,31.1111,18.4474,12.6637,8.0593,3.9148,4.1445,7.3039,3.3377,3.9662,3.0946
530000,云南省,2006,50.0,9.3564,4.7956,4.5608,28.423,16.7518,11.6712,7.3934,3.4042,3.9892,6.3566,2.8594,3.4972,2.6937
530000,云南省,2005,44.0,8.4487,4.3308,4.1179,25.4687,14.7367,10.732,6.4447,2.9371,3.5076,4.7731,2.4022,2.3709,2.1544
530000,云南省,2004,43.0,7.5017,,,21.6308,,,,,,3.4836,,,
530000,云南省,2003,34.0,6.2176,,,17.5255,,,,,,3.1337,,,
530000,云南省,2002,31.0,5.0421,,,14.34,,,,,,2.562,,,
530000,云南省,2001,28.0,4.2455,,,11.9039,,,,,,1.9419,,,
530000,云南省,2000,24.0,3.3879,,,9.5893,,,,,,1.8573,,,
540000,西藏自治区,2019,7.0,1.0576,0.6824,0.3752,3.6226,2.5533,1.0693,0.9832,0.5993,0.3839,0.9935,0.5968,0.3967,0.5642
540000,西藏自治区,2018,7.0,0.9491,0.6123,0.3368,3.5717,2.4691,1.1026,1.0071,0.608,0.3991,0.9297,0.5609,0.3688,0.5303
540000,西藏自治区,2017,7.0,0.9667,0.5802,0.3865,3.5643,2.4212,1.1431,0.9436,0.5691,0.3745,0.902,0.5493,0.3527,0.5317
540000,西藏自治区,2016,7.0,1.0143,0.5993,0.415,3.5034,2.3912,1.1122,0.9115,0.5569,0.3546,0.9201,0.5203,0.3998,0.5027
540000,西藏自治区,2015,6.0,0.9884,0.6072,0.3812,3.4203,2.3186,1.1017,0.9185,0.5248,0.3937,0.9536,0.506,0.4476,0.4933
540000,西藏自治区,2014,6.0,0.8802,0.5612,0.319,3.3474,2.2159,1.1315,0.956,0.5073,0.4487,0.9109,0.4891,0.4218,0.4808
540000,西藏自治区,2013,6.0,0.9286,0.5702,0.3584,3.3562,2.1388,1.2174,0.9087,0.4903,0.4184,0.9139,0.4818,0.4321,0.4713
540000,西藏自治区,2012,6.0,1.0022,0.5596,0.4426,3.3452,2.0576,1.2876,0.8213,0.3426,0.4787,0.858,0.4673,0.3907,0.453
540000,西藏自治区,2011,6.0,0.9401,0.5132,0.4269,3.2374,1.9899,1.2475,0.7817,0.4518,0.3299,0.8159,0.4553,0.3606,0.4315
540000,西藏自治区,2010,6.0,0.9213,0.5023,0.419,3.1109,1.9681,1.1428,0.8013,0.4618,0.3395,0.8266,0.4645,0.3621,0.4021
540000,西藏自治区,2009,6.0,0.902,0.501,0.401,3.0264,1.9371,1.0893,0.7835,0.4674,0.3161,0.8454,0.4682,0.3772,0.409
540000,西藏自治区,2008,6.0,0.852,0.4749,0.3771,2.9409,1.9055,1.0354,0.8431,0.4685,0.3746,0.584,0.3635,0.2205,0.315
540000,西藏自治区,2007,6.0,0.8046,0.4617,0.3429,2.6767,1.7951,0.8816,0.5859,0.3681,0.2178,0.4346,0.2176,0.217,0.1855
540000,西藏自治区,2006,6.0,0.8359,0.4751,0.3608,2.3327,1.5698,0.7629,0.4435,0.218,0.2255,0.3846,0.1702,0.2144,0.1407
540000,西藏自治区,2005,4.0,0.7589,0.4597,0.2992,1.8979,1.2747,0.6232,0.3856,0.1703,0.2153,0.3172,0.1296,0.1876,0.0942
540000,西藏自治区,2004,4.0,0.6003,,,1.4731,,,,,,0.2108,,,
540000,西藏自治区,2003,4.0,0.4279,,,1.0409,,,,,,0.1745,,,
540000,西藏自治区,2002,3.0,0.3414,,,0.84,,,,,,0.1686,,,
540000,西藏自治区,2001,3.0,0.242,,,0.6793,,,,,,0.105,,,
540000,西藏自治区,2000,4.0,0.232,,,0.5475,,,,,,0.0764,,,
610000,陕西省,2019,95.0,35.099,17.2015,17.8975,112.199,69.3238,42.8752,29.945,17.2024,12.7426,29.3496,16.0501,13.2995,15.8835
610000,陕西省,2018,95.0,28.2961,16.7402,11.5559,105.4808,67.4094,38.0714,30.3044,16.6474,13.657,31.101,16.9633,14.1377,16.7464
610000,陕西省,2017,93.0,28.4672,16.46,12.0072,106.9374,67.0588,39.8786,31.8079,17.5165,14.2914,30.5124,17.2708,13.2416,17.0176
610000,陕西省,2016,93.0,28.3555,16.1016,12.2539,107.6254,67.7259,39.8995,31.1833,17.7571,13.4262,32.1348,18.3804,13.7544,18.0486
610000,陕西省,2015,92.0,28.7484,15.9352,12.8132,109.9693,69.8475,40.1218,32.8446,18.9647,13.8799,29.9738,16.7256,13.2482,16.3834
610000,陕西省,2014,92.0,28.8268,16.8353,11.9915,109.9613,70.58,39.3813,30.7346,17.1687,13.5659,27.7356,15.0931,12.6425,14.8037
610000,陕西省,2013,92.0,29.7854,17.1768,12.6086,107.7627,68.7369,39.0258,28.1368,15.3663,12.7705,25.3823,13.6062,11.7761,13.3635
610000,陕西省,2012,91.0,31.2776,18.683,12.5946,102.6254,65.1629,37.4625,25.7784,11.9029,13.8755,26.5279,13.2983,13.2296,12.7825
610000,陕西省,2011,90.0,29.2105,16.7021,12.5084,96.4773,59.5183,36.959,26.7898,13.5035,13.2863,25.8878,12.0586,13.8292,11.6127
610000,陕西省,2010,90.0,26.7108,15.4904,11.2204,92.7769,54.5712,38.2057,26.0454,12.26,13.7854,23.5507,11.314,12.2367,10.7328
610000,陕西省,2009,89.0,26.4676,14.0447,12.4229,89.3748,50.7213,38.6535,23.9152,11.5463,12.3689,21.1963,10.9036,10.2927,10.2237
610000,陕西省,2008,88.0,26.4951,13.1569,13.3382,83.9658,47.7708,36.195,21.4698,11.1173,10.3525,21.7294,10.473,11.2564,9.8392
610000,陕西省,2007,76.0,23.7454,12.1964,11.549,77.6516,44.6043,33.0473,22.4089,10.7841,11.6248,19.545,9.0359,10.5091,8.1278
610000,陕西省,2006,76.0,21.162,11.0431,10.1189,72.6219,41.5207,31.1012,19.4648,9.1039,10.3609,16.2314,7.4749,8.7565,6.3778
610000,陕西省,2005,72.0,20.8879,10.2558,10.6321,66.6943,37.4267,29.2676,16.3978,7.6883,8.7095,14.0592,6.7423,7.3169,6.1866
610000,陕西省,2004,62.0,19.5721,,,58.3926,,,,,,11.1,,,
610000,陕西省,2003,57.0,16.8127,,,49.9017,,,,,,7.9785,,,
610000,陕西省,2002,52.0,14.7042,,,41.16,,,,,,5.1603,,,
610000,陕西省,2001,47.0,11.4391,,,31.3718,,,,,,4.2884,,,
610000,陕西省,2000,39.0,9.7209,,,24.4723,,,,,,3.6587,,,
620000,甘肃省,2019,49.0,15.7239,7.3042,8.4197,52.4948,29.6982,22.7966,13.6319,7.3433,6.2886,12.3314,6.8928,5.4386,6.7993
620000,甘肃省,2018,49.0,13.692,7.2845,6.4075,48.362,29.3062,19.0558,12.7165,7.1856,5.5309,12.2347,7.0587,5.176,6.9388
620000,甘肃省,2017,49.0,13.1489,7.1604,5.9885,46.6185,29.2521,17.3664,12.6452,7.367,5.2782,12.4786,7.0242,5.4544,6.8391
620000,甘肃省,2016,49.0,12.5813,7.2261,5.3552,45.7204,29.1662,16.5542,12.7991,7.2533,5.5458,11.9911,7.0621,4.929,6.855
620000,甘肃省,2015,45.0,12.4328,7.1009,5.3319,45.0463,29.0834,15.9629,12.2277,7.2239,5.0038,12.4003,6.7158,5.6845,6.5352
620000,甘肃省,2014,43.0,12.9325,7.2771,5.6554,45.23,28.8351,16.3949,12.6382,6.8865,5.7517,11.8697,6.4285,5.4412,6.2204
620000,甘肃省,2013,42.0,12.2285,7.1619,5.0666,44.2963,28.0071,16.2892,12.0036,6.5275,5.4761,10.9192,6.0848,4.8344,5.8859
620000,甘肃省,2012,42.0,13.0153,7.1638,5.8515,43.1069,26.9467,16.1602,11.0414,4.8496,6.1918,10.298,5.7328,4.5652,5.5176
620000,甘肃省,2011,42.0,12.3481,6.8003,5.5478,40.5306,25.568,14.9626,10.4468,5.8456,4.6012,9.9042,5.1165,4.7877,5.0288
620000,甘肃省,2010,40.0,11.4064,6.5994,4.807,38.1526,23.8412,14.3114,10.0217,5.1995,4.8222,9.2226,4.5747,4.6479,4.1963
620000,甘肃省,2009,39.0,10.9452,6.2493,4.6959,36.149,21.9103,14.2387,9.4257,4.6266,4.7991,8.4082,3.9628,4.4454,3.3779
620000,甘肃省,2008,39.0,10.5091,5.8203,4.6888,33.1895,19.5006,13.6889,8.4549,4.0006,4.4543,7.5051,3.7317,3.7734,3.3068
620000,甘肃省,2007,34.0,9.4328,5.1758,4.257,29.5992,17.3344,12.2648,7.8205,4.0767,3.7438,6.3315,3.2312,3.1003,2.8497
620000,甘肃省,2006,33.0,8.6902,4.4378,4.2524,26.3691,15.4845,10.8846,6.5666,3.3054,3.2612,5.7381,2.847,2.8911,2.4819
620000,甘肃省,2005,33.0,7.1572,3.7783,3.3789,22.9459,13.6915,9.2544,5.7668,2.9208,2.846,4.9886,2.3861,2.6025,2.0477
620000,甘肃省,2004,31.0,6.4231,,,20.0282,,,,,,3.94,,,
620000,甘肃省,2003,31.0,6.0069,,,17.3391,,,,,,2.9582,,,
620000,甘肃省,2002,25.0,5.3079,,,14.3,,,,,,2.1647,,,
620000,甘肃省,2001,25.0,4.5382,,,11.0898,,,,,,1.7,,,
620000,甘肃省,2000,18.0,3.3825,,,8.2577,,,,,,1.4255,,,
630000,青海省,2019,12.0,2.1419,1.1107,1.0312,7.3182,4.213,3.1052,2.0013,0.9662,1.0351,1.8958,0.857,1.0388,0.844
630000,青海省,2018,12.0,2.0465,1.0762,0.9703,7.0288,3.9448,3.084,1.9688,0.8801,1.0887,1.7414,0.8331,0.9083,0.8169
630000,青海省,2017,12.0,1.9626,0.9857,0.9769,6.6974,3.7502,2.9472,1.844,0.8651,0.9789,1.4661,0.7937,0.6724,0.7709
630000,青海省,2016,12.0,1.9063,0.9235,0.9828,6.186,3.6146,2.5714,1.5294,0.8479,0.6815,1.4097,0.8031,0.6066,0.7665
630000,青海省,2015,12.0,1.7969,0.8886,0.9083,5.746,3.5436,2.2024,1.4741,0.851,0.6231,1.3403,0.7384,0.6019,0.7094
630000,青海省,2014,12.0,1.5477,0.8652,0.6825,5.2907,3.432,1.8587,1.3962,0.7899,0.6063,1.2732,0.715,0.5582,0.6807
630000,青海省,2013,9.0,1.4805,0.8848,0.5957,5.0675,3.3308,1.7367,1.322,0.7403,0.5817,1.2447,0.6813,0.5634,0.6576
630000,青海省,2012,9.0,1.4634,0.8453,0.6181,4.8668,3.1662,1.7006,1.286,0.5654,0.7206,1.1661,0.6561,0.51,0.6458
630000,青海省,2011,9.0,1.399,0.8022,0.5968,4.5721,2.9773,1.5948,1.1951,0.6698,0.5253,1.2582,0.6029,0.6553,0.5953
630000,青海省,2010,9.0,1.2969,0.7609,0.536,4.4994,2.8119,1.6875,1.302,0.6209,0.6811,1.1207,0.5784,0.5423,0.5151
630000,青海省,2009,9.0,1.2605,0.732,0.5285,4.3782,2.6678,1.7104,1.1645,0.601,0.5635,1.0437,0.5537,0.49,0.3346
630000,青海省,2008,9.0,1.3767,0.681,0.6957,4.2177,2.5148,1.7029,1.1133,0.5662,0.5471,0.9753,0.4775,0.4978,0.269
630000,青海省,2007,11.0,1.1142,0.6304,0.4838,3.7665,2.3058,1.4607,0.9838,0.4846,0.4992,0.9547,0.4357,0.519,0.263
630000,青海省,2006,11.0,1.1856,0.588,0.5976,3.5983,2.1328,1.4655,0.9966,0.4581,0.5385,0.8609,0.4378,0.4231,0.2705
630000,青海省,2005,11.0,1.1682,0.5683,0.5999,3.2753,1.9856,1.2897,0.8474,0.4333,0.4141,0.8227,0.4221,0.4006,0.2836
630000,青海省,2004,11.0,0.9452,,,2.9483,,,,,,0.5802,,,
630000,青海省,2003,12.0,0.9075,,,2.6124,,,,,,0.4771,,,
630000,青海省,2002,11.0,0.7123,,,2.22,,,,,,0.2763,,,
630000,青海省,2001,8.0,0.7032,,,1.7918,,,,,,0.2561,,,
630000,青海省,2000,7.0,0.6176,,,1.3485,,,,,,0.2202,,,
640000,宁夏回族自治区,2019,19.0,4.3039,2.2004,2.1035,13.5178,8.436,5.0818,3.5147,1.9446,1.5701,3.1988,1.7975,1.4013,1.7272
640000,宁夏回族自治区,2018,19.0,3.5027,2.115,1.3877,12.5253,8.1028,4.4225,3.347,1.8953,1.4517,3.0799,1.7892,1.2907,1.7159
640000,宁夏回族自治区,2017,19.0,3.4728,2.0432,1.4296,12.1051,7.8519,4.2532,3.2609,1.8912,1.3697,3.1563,1.7205,1.4358,1.6477
640000,宁夏回族自治区,2016,18.0,3.2353,1.9486,1.2867,11.7149,7.6218,4.0931,3.2508,1.8154,1.4354,2.9436,1.6845,1.2591,1.6129
640000,宁夏回族自治区,2015,18.0,3.2198,1.8941,1.3257,11.5007,7.4582,4.0425,3.0748,1.7905,1.2843,2.8235,1.5487,1.2748,1.4408
640000,宁夏回族自治区,2014,18.0,3.2807,1.9001,1.3806,11.1432,7.1616,3.9816,2.8858,1.5701,1.3157,2.4456,1.3282,1.1174,1.278
640000,宁夏回族自治区,2013,16.0,3.0664,1.8188,1.2476,10.4451,6.7369,3.7082,2.5537,1.418,1.1357,2.2221,1.2574,0.9647,1.2106
640000,宁夏回族自治区,2012,16.0,3.0779,1.7902,1.2877,9.644,6.2062,3.4378,2.2761,0.9908,1.2853,2.0718,1.1783,0.8935,1.1222
640000,宁夏回族自治区,2011,16.0,2.8203,1.6247,1.1956,8.787,5.6972,3.0898,2.1183,1.2111,0.9072,1.9524,1.0028,0.9496,0.9877
640000,宁夏回族自治区,2010,15.0,2.5008,1.4815,1.0193,8.0206,5.1219,2.8987,2.0036,1.0332,0.9704,1.9218,0.9201,1.0017,0.5436
640000,宁夏回族自治区,2009,15.0,2.2402,1.3289,0.9113,7.5564,4.6346,2.9218,2.0285,0.9755,1.053,1.6391,0.7659,0.8732,0.4675
640000,宁夏回族自治区,2008,15.0,2.1746,1.243,0.9316,7.0454,4.1478,2.8976,1.6934,0.8038,0.8896,1.5238,0.7499,0.7739,0.6676
640000,宁夏回族自治区,2007,13.0,1.9213,1.0546,0.8667,6.2411,3.6671,2.574,1.5747,0.765,0.8097,1.4076,0.6773,0.7303,0.2835
640000,宁夏回族自治区,2006,13.0,1.9473,1.0087,0.9386,5.5931,3.321,2.2721,1.4267,0.694,0.7327,1.1008,0.608,0.4928,0.5362
640000,宁夏回族自治区,2005,13.0,1.4775,0.82,0.6575,4.865,2.9477,1.9173,1.1112,0.6157,0.4955,0.8817,0.5858,0.2959,0.5353
640000,宁夏回族自治区,2004,13.0,1.3701,,,4.1448,,,,,,0.7505,,,
640000,宁夏回族自治区,2003,12.0,1.1237,,,3.5134,,,,,,0.5461,,,
640000,宁夏回族自治区,2002,12.0,0.9434,,,2.93,,,,,,0.3379,,,
640000,宁夏回族自治区,2001,8.0,0.8891,,,2.3154,,,,,,0.3177,,,
640000,宁夏回族自治区,2000,6.0,0.7207,,,1.7463,,,,,,0.3154,,,
650000,新疆维吾尔自治区,2019,54.0,13.9633,5.6823,8.281,42.6966,21.0781,21.6185,9.7182,4.3284,5.3898,8.4359,3.5939,4.842,3.4764
650000,新疆维吾尔自治区,2018,50.0,11.4286,5.2721,6.1565,37.4944,19.3793,18.1151,9.1577,4.0535,5.1042,8.1285,3.4542,4.6743,3.182
650000,新疆维吾尔自治区,2017,47.0,10.3662,4.8327,5.5335,34.6044,17.9797,16.6247,8.7511,3.808,4.9431,7.8686,3.5679,4.3007,3.2921
650000,新疆维吾尔自治区,2016,46.0,9.2191,4.2281,4.991,31.9875,16.8975,15.09,8.3514,3.8343,4.5171,7.3711,3.2647,4.1064,2.925
650000,新疆维吾尔自治区,2015,44.0,8.7189,4.0241,4.6948,30.4682,16.1878,14.2804,7.874,3.5659,4.3081,6.966,3.108,3.858,2.8493
650000,新疆维吾尔自治区,2014,44.0,8.2797,3.7882,4.4915,29.0418,15.5105,13.5313,7.3823,3.3493,4.033,6.7494,3.2608,3.4886,2.9954
650000,新疆维吾尔自治区,2013,41.0,8.0984,3.7926,4.3058,27.8425,15.1321,12.7104,6.9885,3.4168,3.5717,6.9983,3.202,3.7963,2.9454
650000,新疆维吾尔自治区,2012,39.0,7.5774,3.611,3.9664,26.8716,14.6337,12.2379,7.1705,3.8906,3.2799,6.4591,3.0761,3.383,2.8318
650000,新疆维吾尔自治区,2011,37.0,7.4023,3.4254,3.9769,25.8719,14.1763,11.6956,6.6972,3.2082,3.489,6.3798,3.0518,3.328,2.758
650000,新疆维吾尔自治区,2010,37.0,7.3576,3.4294,3.9282,25.116,13.9354,11.1806,6.5971,3.1966,3.4005,6.3543,2.8902,3.4641,2.525
650000,新疆维吾尔自治区,2009,37.0,6.7648,3.3201,3.4447,24.1637,13.5071,10.6566,6.4877,2.9888,3.4989,5.7071,2.7741,2.933,2.1797
650000,新疆维吾尔自治区,2008,37.0,6.5313,3.2378,3.2935,23.0971,13.1689,9.9282,5.9425,2.9776,2.9649,5.429,2.5776,2.8514,1.765
650000,新疆维吾尔自治区,2007,32.0,6.1441,3.2144,2.9297,21.6389,12.5792,9.0597,5.6697,2.7338,2.9359,4.6128,2.3376,2.2752,1.7957
650000,新疆维吾尔自治区,2006,31.0,5.9062,2.915,2.9912,19.9251,11.8192,8.1059,4.9222,2.5789,2.3433,4.4182,2.5173,1.9009,1.9957
650000,新疆维吾尔自治区,2005,30.0,5.5751,2.8579,2.7172,18.1814,11.1761,7.0053,4.4482,2.5629,1.8853,3.6854,2.1187,1.5667,1.3326
650000,新疆维吾尔自治区,2004,28.0,4.9855,,,16.3127,,,,,,3.0181,,,
650000,新疆维吾尔自治区,2003,26.0,4.3069,,,14.7627,,,,,,2.5264,,,
650000,新疆维吾尔自治区,2002,22.0,4.1704,,,13.23,,,,,,1.6025,,,
650000,新疆维吾尔自治区,2001,21.0,4.1426,,,10.8066,,,,,,1.5844,,,
650000,新疆维吾尔自治区,2000,16.0,3.328,,,8.1043,,,,,,1.3774,,,
